,sym_1,sym_2,expected_return,backtest_trading_oppotunities,backtest_returns,backtest_win_rate,backtest_peak_loss,recent_z_score
0,TOMOUSDT,1000SHIBUSDT,7479.84977152454,1,13.724172719765999,1.0,-2.080763605988783,1.5152019022002605
1,EOSUSDT,STMXUSDT,490.0329665544125,1,6.9293684468317265,1.0,-1.0779540749752292,2.204174869979417
2,AXSUSDT,APTUSDT,-75.21413449617312,1,3.424417406673795,1.0,-0.30134364542795766,-4.166560875705235
