,sym_1,sym_2,expected_return,backtest_trading_oppotunities,backtest_returns,backtest_win_rate,backtest_peak_loss,recent_z_score
0,BAKEUSDT,STMXUSDT,-12448.604935372166,1,-9.093656578488824,0.0,-36.0570975973324,-2.1985439438420866
1,LINAUSDT,OPUSDT,-1366.059972051732,1,-7.422994068684254,0.0,-11.568887270264725,-0.061998671806041544
2,BNBUSDT,DOGEUSDT,-0.29229296425197615,1,-10.314642414916888,0.0,-11.399578619342039,-0.31177397513826205
