,sym_1,sym_2,hedge_ratio,std,p_value,trade_oppotunities_performance,cumulative_returns_performance,win_rate_performance,peak_loss_performace,recent_z_score,examine_trade_oppotunities,examine_returns,examine_win_rate,examine_peak_loss
7,MASKUSDT,MATICUSDT,3.1830748333584484,0.013656179932359343,0.0017784205075557606,1,8.45318856568137,1.0,-5.004315110484987,-0.9767238784957871,0,0.0,0.0,-1.1361778060319048
8,MASKUSDT,STMXUSDT,67.63714467338576,0.025807627800330406,0.029239210135649566,1,28.651287814359094,1.0,-4.562547391933015,-1.0893305205930368,1,-31.473485374839438,0.0,-38.55586259304929
0,LINKUSDT,MASKUSDT,2.819722282565288,0.05037457781615354,0.019058628756741483,1,24.9733458000524,1.0,-4.138638764202173,-0.6924239312896124,1,1.0035460491933132,1.0,-3.423895741992918
