,sym_1,sym_2,hedge_ratio,std,p_value,trade_oppotunities_performance,cumulative_returns_performance,win_rate_performance,peak_loss_performace,recent_z_score,examine_trade_oppotunities,examine_returns,examine_win_rate,examine_peak_loss
6,CELOUSDT,COMPUSDT,0.0011010204392784377,0.011762104647413354,0.02757845779939141,1,12.630352808531505,1.0,-59.67586759562594,3.5979596357649846,1,176.05999245316767,1.0,-43.44393221520864
16,CELOUSDT,UNIUSDT,0.007195407360694635,0.013494786464248378,0.014588798611775795,1,87.77045094981989,1.0,-12.11250933451622,3.6581991405409586,1,78.99230311108597,1.0,-70.83133572793533
28,COMPUSDT,EOSUSDT,134.43086829983508,2.1799115510728453,0.019846492781968716,1,12.387678088518122,1.0,-6.8480951579178875,-1.3712761267486122,1,25.361730677840367,1.0,-17.453564832406098
25,COMPUSDT,LDOUSDT,24.11675095056284,2.6786491805785366,0.02881621477364689,1,14.427493612107147,1.0,-6.425599062985638,-2.0313133270089567,1,45.0225951136644,1.0,-2.853935541906149
