,sym_1,sym_2,hedge_ratio,std,p_value,trade_oppotunities_performance,cumulative_returns_performance,win_rate_performance,peak_loss_performace,recent_z_score,examine_trade_oppotunities,examine_returns,examine_win_rate,examine_peak_loss
9,COMPUSDT,ADAUSDT,359.1347845624015,0.848301870986335,0.01675972804956077,4,25.578316581849258,1.0,-11.586993366651066,-1.2940127917937838,4,-25.567247645215453,0.25,-14.360872687247861
7,COMPUSDT,LDOUSDT,24.11675095056284,1.3297414952521183,0.02881621477364689,4,8.970524442347477,0.75,-11.574087868423705,-1.1795203045694285,4,-27.48902545497652,0.0,-12.727839671562524
5,1000SHIBUSDT,EOSUSDT,0.009282122097179166,4.3930475082379965e-05,0.028903057691135693,4,7.1891985981748645,0.75,-8.243849850309477,2.0730067564677936,2,23.843398328342875,1.0,-13.424206315199541
