,sym_1,sym_2,hedge_ratio,std,p_value,trade_oppotunities_performance,cumulative_returns_performance,win_rate_performance,peak_loss_performace,recent_z_score,examine_trade_oppotunities,examine_returns,examine_win_rate,examine_peak_loss
4,LINAUSDT,OPUSDT,0.00695867618012337,0.0003066976877444062,0.01140851171190095,2,10.592942941475577,1.0,-8.174039595305125,-0.39843897977282666,0,0.0,0.0,-12.805681937900406
5,LINAUSDT,MTLUSDT,0.0031709805001916553,9.588249225342498e-05,0.02834478131924609,1,4.877010794097281,1.0,-7.602270061594531,1.0852679197541086,1,-18.810602655966473,0.0,-19.76233643727079
14,COMPUSDT,EOSUSDT,134.43086829983508,2.1799115510728453,0.019846492781968716,1,4.314462810094108,1.0,-5.201387025940711,-1.3712761267486122,1,3.0408367389431037,1.0,-14.279681571769098
10,COMPUSDT,DOTUSDT,19.43609581859006,2.5037803324314107,0.018379542046039577,1,11.704882480429543,1.0,-4.373292900702626,-1.2577420171365488,0,0.0,0.0,-6.270865262661612
