,sym_1,sym_2,hedge_ratio,std,p_value,trade_oppotunities_performance,cumulative_returns_performance,win_rate_performance,peak_loss_performace,recent_z_score,examine_trade_oppotunities,examine_returns,examine_win_rate,examine_peak_loss
11,XLMUSDT,EOSUSDT,0.4043635281168659,0.0030185110222663895,0.0009545546539662528,1,10.42427636955748,1.0,-6.894006848699188,0.1265122258178112,1,-0.3113043728252436,0.0,-6.530343879517527
13,AVAXUSDT,XRPUSDT,24.031738579447833,0.09333478085578682,0.010693529177916394,1,4.581448941447568,1.0,-1.9437625213508534,1.3094773971342502,1,15.795233535153045,1.0,-2.223784641669284
9,XLMUSDT,AVAXUSDT,0.016292170725649324,0.0017490459050202585,0.004810897670702496,1,7.414916798389549,1.0,-1.8963695967836793,-1.1160042777728907,1,3.2336144571658663,1.0,-4.11685711986736
