,sym_1,sym_2,hedge_ratio,std,p_value,trade_oppotunities_performance,cumulative_returns_performance,win_rate_performance,peak_loss_performace,recent_z_score,examine_trade_oppotunities,examine_returns,examine_win_rate,examine_peak_loss
3,CELOUSDT,SNXUSDT,0.07493932381349358,0.01036661143675472,0.02163936830064644,1,79.72779639096957,1.0,-39.41144051960215,4.436930945163926,0,0.0,0.0,-19.255234976907726
22,OPUSDT,SUSHIUSDT,0.9423881502939162,0.032782050133322804,0.014307069843034849,1,1.3751121167635285,1.0,-20.152270665052765,2.6790867696345084,1,5.011805458912953,1.0,-10.674973032546886
7,GALAUSDT,SUSHIUSDT,0.017677664876279593,0.00014986045809620347,0.02525922902247491,1,12.941348387619781,1.0,-1.7383121243356543,0.6017128859877248,0,0.0,0.0,-15.061653905887331
1,APTUSDT,XRPUSDT,9.133019334080888,0.02755793188584362,0.001304520773648453,1,4.068199631619325,1.0,-1.641808415975233,1.2654823472535386,0,0.0,0.0,-1.3708230503272991
