,sym_1,sym_2,hedge_ratio,std,p_value,trade_oppotunities_performance,cumulative_returns_performance,win_rate_performance,peak_loss_performace,recent_z_score,examine_trade_oppotunities,examine_returns,examine_win_rate,examine_peak_loss
11,MASKUSDT,MATICUSDT,2.9992700726975254,0.013888416708293704,8.928322196155333e-06,2,7.5917972821418624,1.0,-7.452119412874612,-1.0983285205508961,2,10.803720690838977,1.0,-0.4933561360287948
6,MASKUSDT,XLMUSDT,6.804945435628905,0.025600922725702763,0.002194456611708529,1,27.170712032390544,1.0,-10.034873077210435,-1.2021130855577034,3,14.427595657286105,1.0,-0.31189145006579144
9,MASKUSDT,DOTUSDT,0.6103152207332492,0.018718602537326937,0.00143234671912442,1,1.9654916479594984,1.0,-5.854906756754678,-0.9985030050259577,2,13.093381514193432,1.0,-1.4173431678257582
20,XLMUSDT,SOLUSDT,0.0069705860514137664,0.0018234027774709479,0.003322577354783465,1,3.6014144967377684,1.0,-3.7910687280129896,-0.9838446166895876,1,13.541231324371484,1.0,-20.82358290527838
