,sym_1,sym_2,hedge_ratio,std,p_value,trade_oppotunities_performance,cumulative_returns_performance,win_rate_performance,peak_loss_performace,recent_z_score,examine_trade_oppotunities,examine_returns,examine_win_rate,examine_peak_loss
10,ETCUSDT,SOLUSDT,0.5473768861895654,0.07319047348353167,0.029093834131313705,4,0.21439247206115358,0.75,-2.9901223229220255,-1.318731411195701,2,-13.98813146014373,0.0,-11.544645907477786
5,XLMUSDT,XRPUSDT,0.45237020036013587,0.0012073406003446144,0.0004526048191116177,2,13.02397323389432,1.0,-1.6989174343889717,1.9901721336923102,2,3.9907823501163735,1.0,-15.265059903923222
