,sym_1,sym_2,hedge_ratio,std,p_value,trade_oppotunities_performance,cumulative_returns_performance,win_rate_performance,peak_loss_performace,recent_z_score,examine_trade_oppotunities,examine_returns,examine_win_rate,examine_peak_loss
11,ETCUSDT,APEUSDT,5.746260374375373,0.061882552482103476,0.0020782906746453153,2,2.652081028631616,1.0,-3.2737446817824365,-2.0962388686474607,1,5.248346001062159,1.0,-3.763331269954601
6,XLMUSDT,EOSUSDT,0.36950245817774907,0.0013930251934213373,0.013478540417496592,2,27.328555268092614,1.0,-3.039866941820658,0.21088796484133265,2,8.58631841927196,1.0,-2.2209985201368254
5,XLMUSDT,XRPUSDT,0.45237020036013587,0.0012073406003446144,0.0004526048191116177,2,14.198203045275454,1.0,-0.8046735252446229,1.9901721336923102,2,3.5252058411060188,1.0,-2.822438800899966
