,sym_1,sym_2,hedge_ratio,std,p_value,trade_oppotunities_performance,cumulative_returns_performance,win_rate_performance,peak_loss_performace,recent_z_score,examine_trade_oppotunities,examine_returns,examine_win_rate,examine_peak_loss
3,MASKUSDT,ETHUSDT,0.001956050891445817,0.0175994867479623,0.018074572685073963,1,12.067252831152294,1.0,-3.4586777725993203,-1.5034234160835138,1,-2.183591960480878,0.0,-2.262585084906415
1,APTUSDT,XRPUSDT,8.512146135436952,0.03623348682351338,5.764746894658084e-05,1,3.8041991540988365,1.0,-0.0440559824276347,1.1179772156833558,0,0.0,0.0,-1.371010322987523
