,sym_1,sym_2,hedge_ratio,std,p_value,trade_oppotunities_performance,cumulative_returns_performance,win_rate_performance,peak_loss_performace,recent_z_score,examine_trade_oppotunities,examine_returns,examine_win_rate,examine_peak_loss
9,XLMUSDT,AVAXUSDT,0.016292170725649324,0.0017490459050202585,0.004810897670702496,1,2.3443809951215995,1.0,-1.3809797728759188,-1.1160042777728907,0,0.0,0.0,-0.10521526532076086
18,XRPUSDT,ADAUSDT,1.8753008801987483,0.004849149820955651,0.016727780075553044,1,3.249883021680955,1.0,-0.7476437071709965,-0.06341747788907431,1,12.36623796331152,1.0,-0.8177580560464167
17,XRPUSDT,EOSUSDT,0.8948565860759339,0.004876093809192758,0.001627549056089523,1,5.416712250386598,1.0,-0.6239303280606656,-0.5107843177888511,0,0.0,0.0,-4.505752470995888
