,sym_1,sym_2,hedge_ratio,std,p_value,trade_oppotunities_performance,cumulative_returns_performance,win_rate_performance,peak_loss_performace,recent_z_score,examine_trade_oppotunities,examine_returns,examine_win_rate,examine_peak_loss
15,XLMUSDT,SOLUSDT,0.0069705860514137664,0.0018480399966726224,0.003322577354783465,2,20.275841808804135,1.0,-3.7296910213705408,-0.3681232429487681,1,1.396255619371621,1.0,-1.9736232794514619
6,MASKUSDT,LDOUSDT,0.9936613548281119,0.01982720624101093,0.0022315130667101704,2,24.821491470469496,1.0,-1.1713912035696181,-0.6045959543370559,2,3.6487211368795975,0.5,-1.3183634195497465
13,XLMUSDT,XRPUSDT,0.5069855172889046,0.0019587802147169164,0.000329274722376535,2,7.192414896224847,1.0,-0.8046735252446229,2.0457462764299703,2,1.5356729317996103,1.0,-2.822438800899966
