,sym_1,sym_2,hedge_ratio,std,p_value,trade_oppotunities_performance,cumulative_returns_performance,win_rate_performance,peak_loss_performace,recent_z_score,examine_trade_oppotunities,examine_returns,examine_win_rate,examine_peak_loss
11,MASKUSDT,LDOUSDT,0.9936613548281119,0.026426240653617487,0.0022315130667101704,1,19.323215906737765,1.0,-12.755004989981577,-1.4998029838152196,2,24.149003563642268,0.5,-5.923138394670408
14,MASKUSDT,APEUSDT,0.5069128884715075,0.02541564472668317,0.001130482943524019,1,5.524570272555971,1.0,-11.190550855153164,-1.4900342623465863,2,6.4724717853601605,0.5,-4.685782878432038
33,FILUSDT,APEUSDT,1.0214076597604629,0.029370731860595124,0.0065168497533049045,1,14.301002287870723,1.0,-9.748516281070797,1.3116407255656246,1,20.071327439098532,1.0,-9.100065015703912
15,MASKUSDT,SOLUSDT,0.05364674536006428,0.02607325160720888,0.002192022250175068,1,13.296709339234557,1.0,-5.976183151121498,-1.5737888802193643,2,2.0250692524625165,1.0,-1.5947926209751224
