,sym_1,sym_2,hedge_ratio,std,p_value,trade_oppotunities_performance,cumulative_returns_performance,win_rate_performance,peak_loss_performace,recent_z_score,examine_trade_oppotunities,examine_returns,examine_win_rate,examine_peak_loss
9,CELOUSDT,MATICUSDT,0.22785989038332438,0.013074250021885801,0.015947468801601052,2,145.13273892562302,1.0,-4.039393191669785,4.2859622724460325,0,0.0,0.0,-32.84345868264087
22,COMPUSDT,ETCUSDT,7.87534180234604,2.5866512489901363,0.02486237964565953,1,4.793149595641637,1.0,-13.631608825724483,-2.098519570634338,0,0.0,0.0,-13.056541878977097
20,COMPUSDT,DOTUSDT,19.43609581859006,3.479619762706577,0.018379542046039577,1,15.696104086165946,1.0,-3.5751045181210586,-1.4459343333738397,1,11.957742226216176,1.0,-15.119937557735584
