,sym_1,sym_2,hedge_ratio,std,p_value,trade_oppotunities_performance,cumulative_returns_performance,win_rate_performance,peak_loss_performace,recent_z_score,examine_trade_oppotunities,examine_returns,examine_win_rate,examine_peak_loss
9,XLMUSDT,EOSUSDT,0.4043635281168659,0.0019204026381122073,0.0009545546539662528,2,27.328555268092614,1.0,-3.039866941820658,0.23239100210020852,2,8.58631841927196,1.0,-2.2209985201368254
8,XLMUSDT,XRPUSDT,0.42603764503660113,0.001319300423025377,0.00011706734823580983,2,14.198203045275454,1.0,-0.8046735252446229,1.9447840319713834,2,3.5252058411060188,1.0,-2.822438800899966
3,MASKUSDT,ETHUSDT,0.002350568288712259,0.01913476190099848,0.02242678527677647,1,12.490965716252536,1.0,-0.43961637384289975,-0.7363112204095219,2,4.159440175417625,0.5,-3.1407654692684295
