,sym_1,sym_2,hedge_ratio,std,p_value,trade_oppotunities_performance,cumulative_returns_performance,win_rate_performance,peak_loss_performace,recent_z_score,examine_trade_oppotunities,examine_returns,examine_win_rate,examine_peak_loss
18,MASKUSDT,APEUSDT,0.5069128884715075,0.04406231759184955,0.001130482943524019,1,3.7296026343134447,1.0,-11.925194187641404,-0.6906713436697851,0,0.0,0.0,-15.887222615941521
41,APEUSDT,SOLUSDT,0.10271818050990145,0.05820218183328154,0.0012380436275067853,1,6.959561123160014,1.0,-2.4223274824257435,1.0225245182407265,0,0.0,0.0,-17.329330672590682
35,XRPUSDT,AAVEUSDT,0.00205560781792223,0.004918531781803059,0.004745418395448212,1,5.294067756791994,1.0,-0.21892875866462902,-1.6675376621188305,0,0.0,0.0,-13.191279152355914
