,sym_1,sym_2,hedge_ratio,std,p_value,trade_oppotunities_performance,cumulative_returns_performance,win_rate_performance,peak_loss_performace,recent_z_score,examine_trade_oppotunities,examine_returns,examine_win_rate,examine_peak_loss
6,MASKUSDT,LDOUSDT,0.938799314710342,0.019939845191535938,0.02465979557384872,1,19.323215906737765,1.0,-7.899781638830374,-1.4989341537138772,2,24.487073359016424,0.5,-4.763609451437679
0,LINKUSDT,MASKUSDT,2.819722282565288,0.05078549605222652,0.019058628756741483,1,37.64345999273368,1.0,-4.9230058279698055,-0.3722031140253793,1,0.09453871319546611,1.0,-0.4547068498980551
4,MASKUSDT,ETHUSDT,0.002350568288712259,0.018381423059423356,0.02242678527677647,1,11.94291491589433,1.0,-2.531152103469874,-1.4800588046141754,2,13.847504668669414,0.5,-2.6101539302998504
5,MASKUSDT,DOTUSDT,0.5775074424129454,0.01878903576962674,0.014371062184596049,1,6.030717168825126,1.0,-2.1706675777259785,-1.2101176453444202,0,0.0,0.0,-6.47040455424354
