,sym_1,sym_2,hedge_ratio,std,p_value,trade_oppotunities_performance,cumulative_returns_performance,win_rate_performance,peak_loss_performace,recent_z_score,examine_trade_oppotunities,examine_returns,examine_win_rate,examine_peak_loss
4,GALAUSDT,SUSHIUSDT,0.017677664876279593,0.00013576099926791512,0.02525922902247491,5,13.773080655944078,1.0,-3.018900280778381,2.6138479270315376,2,10.247437779785262,0.5,-5.014982881940707
12,COMPUSDT,ADAUSDT,359.1347845624015,0.848301870986335,0.01675972804956077,2,4.672275725392678,1.0,-4.428221771428602,-1.2940127917937838,2,-1.0013412156303354,0.5,-2.6712677393470914
9,COMPUSDT,LDOUSDT,24.11675095056284,1.3297414952521183,0.02881621477364689,1,11.90920886046528,1.0,-5.764139693785477,-1.1795203045694285,3,-15.239279223534535,0.0,-10.016319266307628
