,sym_1,sym_2,hedge_ratio,std,p_value,trade_oppotunities_performance,cumulative_returns_performance,win_rate_performance,peak_loss_performace,recent_z_score,examine_trade_oppotunities,examine_returns,examine_win_rate,examine_peak_loss
12,MASKUSDT,APEUSDT,0.5069128884715075,0.02201626717704059,0.001130482943524019,2,9.83266290535972,1.0,-19.24353933350932,-1.3214303376827328,1,7.719034928253627,1.0,-2.198713425160768
5,MASKUSDT,XLMUSDT,6.804945435628905,0.025600922725702763,0.002194456611708529,1,27.170712032390544,1.0,-7.258292322494285,-1.2021130855577034,3,5.208070745530503,1.0,-0.40105648608597977
8,MASKUSDT,DOTUSDT,0.6103152207332492,0.018718602537326937,0.00143234671912442,1,2.62585756298257,1.0,-6.278894403091007,-0.9985030050259577,2,12.70114428236235,1.0,-1.3408141507501228
3,MASKUSDT,SNXUSDT,0.23561881757705927,0.024102460354230523,0.00254495994450307,1,2.786128261971208,1.0,-3.382138590858732,-1.1148382513746036,2,13.612413924086603,1.0,-1.6516793093151174
