,sym_1,sym_2,hedge_ratio,std,p_value,trade_oppotunities_performance,cumulative_returns_performance,win_rate_performance,peak_loss_performace,recent_z_score,examine_trade_oppotunities,examine_returns,examine_win_rate,examine_peak_loss
35,DOTUSDT,LDOUSDT,1.575146880394178,0.023326387580040554,0.01599304861358208,1,12.885417570976175,1.0,-8.415860700915648,-1.5693110553638936,1,-7.749190159244815,0.0,-11.859186270498173
15,MASKUSDT,MATICUSDT,2.9992700726975254,0.018730397140888463,8.928322196155333e-06,1,10.629001540508764,1.0,-4.015449262244827,-1.03412785682452,0,0.0,0.0,-1.1361778060319048
8,MASKUSDT,ETHUSDT,0.002554975889473464,0.031148968014666573,0.008644412535237728,1,16.93664210261294,1.0,-3.4482787272628586,-0.7837132066397968,0,0.0,0.0,-6.772891851306184
39,EOSUSDT,ADAUSDT,1.9563311275101603,0.0037390951320795587,0.0045722246245471256,1,5.308077190069258,1.0,-2.7468774350442358,0.39367035470577905,0,0.0,0.0,-7.345879787411995
