,sym_1,sym_2,hedge_ratio,std,p_value,trade_oppotunities_performance,cumulative_returns_performance,win_rate_performance,peak_loss_performace,recent_z_score,examine_trade_oppotunities,examine_returns,examine_win_rate,examine_peak_loss
4,MASKUSDT,MATICUSDT,3.310077859525176,0.013823386745359214,0.007631980522899664,1,10.629001540508764,1.0,-4.015449262244827,-0.9344781982443096,0,0.0,0.0,-1.1361778060319048
3,MASKUSDT,ETHUSDT,0.001956050891445817,0.018349201881174112,0.018074572685073963,1,16.93664210261294,1.0,-3.4482787272628586,-1.0239708430981536,0,0.0,0.0,-6.772891851306184
1,APTUSDT,XRPUSDT,8.512146135436952,0.03869828067143013,5.764746894658084e-05,1,4.068199631619325,1.0,-1.641808415975233,1.0451564259560768,0,0.0,0.0,-1.3708230503272991
