,sym_1,sym_2,hedge_ratio,std,p_value,trade_oppotunities_performance,cumulative_returns_performance,win_rate_performance,peak_loss_performace,recent_z_score,examine_trade_oppotunities,examine_returns,examine_win_rate,examine_peak_loss
3,MASKUSDT,LDOUSDT,0.938799314710342,0.02065700868354697,0.02465979557384872,5,22.352943900584556,0.8,-4.8975369595937135,-0.6105877954118764,3,18.088983988793714,1.0,-4.366709024325862
0,APTUSDT,XLMUSDT,17.336237471927415,0.035764954506890385,0.01319395142648084,1,-2.626308234242625,0.0,-5.281213820568764,0.3547899150796772,2,12.615728264579333,1.0,-3.952668844994026
6,XLMUSDT,XRPUSDT,0.42603764503660113,0.001319300423025377,0.00011706734823580983,2,13.02397323389432,1.0,-1.6989174343889717,1.9447840319713834,2,3.9907823501163735,1.0,-15.265059903923222
4,MASKUSDT,MATICUSDT,3.1830748333584484,0.013614055381047745,0.0017784205075557606,4,-1.643261283509964,0.5,-5.775382480587066,-0.6555410468186623,3,3.469731635732761,0.3333333333333333,-2.733887764177323
1,MASKUSDT,ETHUSDT,0.002350568288712259,0.01913476190099848,0.02242678527677647,2,13.788160530485817,0.5,-0.1859010626174965,-0.7363112204095219,3,2.3490678644863197,0.3333333333333333,-3.5310765486942777
2,MASKUSDT,DOTUSDT,0.5775074424129454,0.019453681390630022,0.014371062184596049,4,-4.565522604233441,0.25,-6.051362245898631,-0.433638780043736,2,-1.765606281554101,0.5,-6.758879457318957
7,XRPUSDT,APEUSDT,0.1358878486239592,0.004172485579649767,0.007811622061389561,2,-12.300531247175524,0.0,-8.195252204407518,-2.050677059516109,2,-3.267015572418602,0.5,-21.143363490789298
8,XRPUSDT,EOSUSDT,0.8948565860759339,0.004420543204299039,0.001627549056089523,4,-5.27614150310647,0.0,-3.9079152545702325,-1.7376286103758216,3,-15.229646700516268,0.3333333333333333,-15.465077312112477
5,MASKUSDT,STMXUSDT,67.63714467338576,0.0254111611110879,0.029239210135649566,4,20.27913310127805,0.75,-7.177539354483647,0.12665928935438867,4,-25.36837920906705,0.0,-20.064137932731906
