,sym_1,sym_2,hedge_ratio,std,p_value,trade_oppotunities_performance,cumulative_returns_performance,win_rate_performance,peak_loss_performace,recent_z_score,examine_trade_oppotunities,examine_returns,examine_win_rate,examine_peak_loss
0,LINKUSDT,MASKUSDT,2.819722282565288,0.050715942832326145,0.019058628756741483,1,2.8750146258253872,1.0,-6.418680882783081,0.36185700791913705,0,0.0,0.0,0.0
13,XRPUSDT,APEUSDT,0.1358878486239592,0.004264082201392576,0.007811622061389561,1,0.7852400968642796,1.0,-6.31090109635202,-1.871982466614213,1,22.190378302240784,1.0,-7.226293386895151
3,MASKUSDT,DOTUSDT,0.5775074424129454,0.01905542655357103,0.014371062184596049,1,2.62585756298257,1.0,-6.278894403091007,-1.0136621301017767,1,1.1908435056060924,1.0,-0.3673716055831051
