,sym_1,sym_2,hedge_ratio,std,p_value,trade_oppotunities_performance,cumulative_returns_performance,win_rate_performance,peak_loss_performace,recent_z_score,examine_trade_oppotunities,examine_returns,examine_win_rate,examine_peak_loss
3,MASKUSDT,ETHUSDT,0.001956050891445817,0.017155448229476046,0.018074572685073963,1,13.484593926257475,1.0,-4.786075691323011,-1.1339443480619198,1,0.40900300561561376,1.0,-5.511816756250797
4,MASKUSDT,MATICUSDT,3.310077859525176,0.014391978097555866,0.007631980522899664,1,3.5847269267365984,1.0,-1.331049090930545,-1.0849068072178472,2,7.928343228539273,1.0,-0.4933561360287948
12,ETCUSDT,APEUSDT,5.746260374375373,0.12359932133494253,0.0020782906746453153,1,3.5365913383352074,1.0,-0.4294239352120389,-2.2884181320395363,1,5.8503603819417656,1.0,0.0
