,sym_1,sym_2,hedge_ratio,std,p_value,trade_oppotunities_performance,cumulative_returns_performance,win_rate_performance,peak_loss_performace,recent_z_score,examine_trade_oppotunities,examine_returns,examine_win_rate,examine_peak_loss
18,OPUSDT,FILUSDT,0.6766529991852023,0.015465511384916811,0.027294545246081634,1,5.424501383744314,1.0,-6.063333231630528,1.2720230848608929,2,3.4886693057385774,0.5,-1.2119026170760105
6,CELOUSDT,FILUSDT,0.05515939811620957,0.010870458332930285,0.010037022989125033,1,41.02786434529063,1.0,-5.954936260556161,2.5846589080401405,1,6.670866874096059,1.0,-2.2158384084184606
17,OPUSDT,SUSHIUSDT,0.9423881502939162,0.01497396424334356,0.014307069843034849,1,10.374857943676018,1.0,-5.879799646163164,2.2451673867139252,1,24.6397027811608,1.0,-11.874226177772579
15,COMPUSDT,SOLUSDT,3.901541967591095,0.8950684136891534,0.0058372277736955325,1,4.913785994239633,1.0,-5.401174004523142,-1.3501661963430869,2,-18.6139820531204,0.5,-18.858146872440827
