,sym_1,sym_2,hedge_ratio,std,p_value,trade_oppotunities_performance,cumulative_returns_performance,win_rate_performance,peak_loss_performace,recent_z_score,examine_trade_oppotunities,examine_returns,examine_win_rate,examine_peak_loss
8,CELOUSDT,OGNUSDT,0.0462202944658785,0.013760607226409193,0.007978598507875337,1,106.3185439399509,1.0,-48.81772830584123,3.5809052010933313,2,373.00598181662195,0.5,-41.62181992103379
23,COMPUSDT,DOTUSDT,19.43609581859006,2.5037803324314107,0.018379542046039577,1,13.195618733040364,1.0,-4.323713398485873,-1.2577420171365488,0,0.0,0.0,-6.3261653897714805
15,CELOUSDT,UNIUSDT,0.007195407360694635,0.013494786464248378,0.014588798611775795,1,89.21304755908683,1.0,-3.3905719264578322,3.6581991405409586,1,123.95815685710757,1.0,-80.63210552144535
34,ETCUSDT,SOLUSDT,0.4609604448651081,0.06734748934391038,0.013047185064616102,1,2.945702442685235,1.0,-2.9355439538475316,-0.7724608249633869,0,0.0,0.0,-9.266196764701412
