,sym_1,sym_2,hedge_ratio,std,p_value,trade_oppotunities_performance,cumulative_returns_performance,win_rate_performance,peak_loss_performace,recent_z_score,examine_trade_oppotunities,examine_returns,examine_win_rate,examine_peak_loss
19,CELOUSDT,UNIUSDT,0.007195407360694635,0.012592073603318514,0.014588798611775795,2,209.0742222121196,1.0,-14.757169028840774,3.7380532168323666,1,43.573490089060684,1.0,-58.9653488673017
18,CELOUSDT,EOSUSDT,0.2969050796405212,0.011936243258227456,0.02299636614341007,1,66.71411213461998,1.0,-20.603516117869614,3.724664272514173,2,1290.2116425951392,1.0,-70.70153651495906
28,COMPUSDT,LDOUSDT,24.11675095056284,1.6690905576699533,0.02881621477364689,1,17.989065968880354,1.0,-8.383453476409644,-1.8475470645441978,2,6274.448987808106,0.5,-245.63227987882493
33,XRPUSDT,APEUSDT,0.21848027214983137,0.004657267452418359,0.024225923738995667,1,0.8009434766035819,1.0,-6.321126147833399,-2.26769224843711,1,20.53281298419554,1.0,-8.627256996700883
