,sym_1,sym_2,hedge_ratio,std,p_value,trade_oppotunities_performance,cumulative_returns_performance,win_rate_performance,peak_loss_performace,recent_z_score,examine_trade_oppotunities,examine_returns,examine_win_rate,examine_peak_loss
13,OPUSDT,AAVEUSDT,0.007881579515929726,0.04227194141932726,0.019423002384990343,1,6.3985748837701175,1.0,-25.13387537052902,1.995756918727084,1,72.70810148118441,1.0,-21.70461823868028
3,MASKUSDT,ETHUSDT,0.001956050891445817,0.017155448229476046,0.018074572685073963,1,13.484593926257475,1.0,-2.626699816269313,-1.1339443480619198,1,3.389072059950071,1.0,-2.3020772396471862
4,MASKUSDT,MATICUSDT,3.310077859525176,0.014391978097555866,0.007631980522899664,1,3.5847269267365984,1.0,-1.331049090930545,-1.0849068072178472,2,3.803032925495888,1.0,-0.4891110045041731
