,sym_1,sym_2,hedge_ratio,std,p_value,trade_oppotunities_performance,cumulative_returns_performance,win_rate_performance,peak_loss_performace,recent_z_score,examine_trade_oppotunities,examine_returns,examine_win_rate,examine_peak_loss
5,MASKUSDT,LDOUSDT,0.9936613548281119,0.01982720624101093,0.0022315130667101704,5,22.352943900584556,0.8,-4.8975369595937135,-0.6045959543370559,3,18.088983988793714,1.0,-4.366709024325862
13,COMPUSDT,AVAXUSDT,15.6840852884879,1.5400769929703801,0.02308824178568497,4,5.033957397415045,0.75,-4.319722698435298,-1.4581262715152452,2,2.6636108758321697,0.5,-5.019211278056104
0,MASKUSDT,SNXUSDT,0.23561881757705927,0.023073936314969894,0.00254495994450307,2,3.2903960235981105,1.0,-3.0081585267845696,-0.7101345076889565,2,0.2834373785005101,0.5,-8.312795337658809
