,sym_1,sym_2,hedge_ratio,std,p_value,trade_oppotunities_performance,cumulative_returns_performance,win_rate_performance,peak_loss_performace,recent_z_score,examine_trade_oppotunities,examine_returns,examine_win_rate,examine_peak_loss
7,MASKUSDT,STMXUSDT,67.63714467338576,0.02557320635355066,0.029239210135649566,1,7.913510374243043,1.0,-29.603579144732755,-1.0836250948491652,1,-0.8913285136349373,0.0,-15.300761260009509
5,MASKUSDT,LDOUSDT,0.938799314710342,0.019939845191535938,0.02465979557384872,1,19.323215906737765,1.0,-12.755004989981577,-1.4989341537138772,2,24.149003563642268,0.5,-5.923138394670408
3,MASKUSDT,ETHUSDT,0.002350568288712259,0.018381423059423356,0.02242678527677647,1,12.421283647190632,1.0,-4.976906582498272,-1.4800588046141754,2,17.550860861997684,0.5,-2.863849100766518
0,LINKUSDT,MASKUSDT,2.819722282565288,0.05078549605222652,0.019058628756741483,1,37.64345999273368,1.0,-4.9230058279698055,-0.3722031140253793,1,-0.9315972164565244,0.0,-3.4482293358972083
