,sym_1,sym_2,hedge_ratio,std,p_value,trade_oppotunities_performance,cumulative_returns_performance,win_rate_performance,peak_loss_performace,recent_z_score,examine_trade_oppotunities,examine_returns,examine_win_rate,examine_peak_loss
5,APTUSDT,MATICUSDT,4.959551407527818,0.051565317740227115,0.020787693606939783,1,1.4104003538244274,1.0,-3.7598350414415025,-0.8307492419362849,1,-3.121064752139545,0.0,-3.928577070257642
42,EOSUSDT,ADAUSDT,1.9563311275101603,0.0036741412639440807,0.0045722246245471256,1,8.449268771580726,1.0,-2.2940542509873136,0.22940024269195508,0,0.0,0.0,-6.707088160635802
32,XRPUSDT,MATICUSDT,0.641418016155616,0.004804550315268146,0.01833598698063369,1,1.3438853392664556,1.0,-0.7723004478652125,-1.0795651673033573,0,0.0,0.0,-17.000028787499495
