,sym_1,sym_2,hedge_ratio,std,p_value,trade_oppotunities_performance,cumulative_returns_performance,win_rate_performance,peak_loss_performace,recent_z_score,examine_trade_oppotunities,examine_returns,examine_win_rate,examine_peak_loss
13,MASKUSDT,APEUSDT,0.5069128884715075,0.02201626717704059,0.001130482943524019,2,8.170241224666556,1.0,-16.497930576455325,-1.3214303376827328,1,7.222648130244559,1.0,-2.455812612384922
26,XRPUSDT,APEUSDT,0.11993356338945702,0.003841608481529909,0.0005390336650075046,1,0.8009434766035819,1.0,-6.321126147833399,-1.7845496483662802,1,20.53281298419554,1.0,-8.627256996700883
4,MASKUSDT,SNXUSDT,0.23561881757705927,0.024102460354230523,0.00254495994450307,1,2.786128261971208,1.0,-3.382138590858732,-1.1148382513746036,2,12.358856187675906,1.0,-0.8731114796842101
22,XLMUSDT,SOLUSDT,0.0069705860514137664,0.0018234027774709479,0.003322577354783465,1,2.572144763844712,1.0,-3.346745857299483,-0.9838446166895876,1,13.541231324371484,1.0,-2.7272985576926985
