,sym_1,sym_2,hedge_ratio,std,p_value,trade_oppotunities_performance,cumulative_returns_performance,win_rate_performance,peak_loss_performace,recent_z_score,examine_trade_oppotunities,examine_returns,examine_win_rate,examine_peak_loss
15,COMPUSDT,AVAXUSDT,15.6840852884879,1.5400769929703801,0.02308824178568497,3,8.29694658691738,1.0,-4.319722698435298,-1.4581262715152452,2,2.86982458292044,0.5,-2.009746957420883
13,XLMUSDT,SOLUSDT,0.0069705860514137664,0.0018480399966726224,0.003322577354783465,2,19.11080607924431,1.0,-3.7296910213705408,-0.3681232429487681,2,8.27732057544431,0.5,-2.3133420318840847
11,XLMUSDT,DOTUSDT,0.07287470666350827,0.0024074375264094105,0.00916071028443687,2,5.309294993022991,1.0,-1.846981338099982,1.2847252034749868,2,194.54767004139222,1.0,-39.30107665689227
