,sym_1,sym_2,hedge_ratio,std,p_value,trade_oppotunities_performance,cumulative_returns_performance,win_rate_performance,peak_loss_performace,recent_z_score,examine_trade_oppotunities,examine_returns,examine_win_rate,examine_peak_loss
7,XLMUSDT,EOSUSDT,0.4043635281168659,0.0019204026381122073,0.0009545546539662528,2,21.737608811712256,1.0,-1.5539079316217683,0.23239100210020852,3,5.112469085142075,0.6666666666666666,-3.9450653907646767
6,XLMUSDT,XRPUSDT,0.42603764503660113,0.001319300423025377,0.00011706734823580983,2,14.007337651970603,1.0,-1.2338081360829922,1.9447840319713834,2,3.6934855913088236,1.0,-12.999538090531404
2,MASKUSDT,ETHUSDT,0.002350568288712259,0.01913476190099848,0.02242678527677647,1,13.876779597669211,1.0,-0.1859010626174965,-0.7363112204095219,3,3.5908089182830683,0.3333333333333333,-3.5310765486942777
