,sym_1,sym_2,hedge_ratio,std,p_value,trade_oppotunities_performance,cumulative_returns_performance,win_rate_performance,peak_loss_performace,recent_z_score,examine_trade_oppotunities,examine_returns,examine_win_rate,examine_peak_loss
9,XLMUSDT,AVAXUSDT,0.016292170725649324,0.0017490459050202585,0.004810897670702496,1,7.414916798389549,1.0,-1.8963695967836793,-1.1160042777728907,0,0.0,0.0,-2.4021687846355837
11,XLMUSDT,EOSUSDT,0.4043635281168659,0.0030185110222663895,0.0009545546539662528,1,15.789768908943675,1.0,-1.2039409998197725,0.1265122258178112,1,3.132549525012994,1.0,-3.3391661318272163
18,XRPUSDT,ADAUSDT,1.8753008801987483,0.004849149820955651,0.016727780075553044,1,8.72175173224169,1.0,-0.7487144142894109,-0.06341747788907431,1,11.828540437256374,1.0,-0.9721140104945059
