,sym_1,sym_2,hedge_ratio,std,p_value,trade_oppotunities_performance,cumulative_returns_performance,win_rate_performance,peak_loss_performace,recent_z_score,examine_trade_oppotunities,examine_returns,examine_win_rate,examine_peak_loss
19,MASKUSDT,SOLUSDT,0.05364674536006428,0.04221576030336368,0.002192022250175068,1,5.3015158855379125,1.0,-4.9382740059045265,-0.814291299483183,0,0.0,0.0,0.0
32,XRPUSDT,MATICUSDT,0.641418016155616,0.0048385652095489515,0.01833598698063369,1,2.23769846641732,1.0,-3.713706063592886,-1.3026963408688952,0,0.0,0.0,-19.48302892824752
9,MASKUSDT,SNXUSDT,0.23561881757705927,0.038106280647454284,0.00254495994450307,1,21.871699629177886,1.0,-1.574485089411775,-1.2943879652139472,0,0.0,0.0,-15.89814482893318
