,sym_1,sym_2,hedge_ratio,std,p_value,trade_oppotunities_performance,cumulative_returns_performance,win_rate_performance,peak_loss_performace,recent_z_score,examine_trade_oppotunities,examine_returns,examine_win_rate,examine_peak_loss
7,XLMUSDT,EOSUSDT,0.36950245817774907,0.0019754565473406012,0.013478540417496592,1,10.42427636955748,1.0,-6.894006848699188,-0.14738621613092315,1,-0.3113043728252436,0.0,-6.530343879517527
10,AVAXUSDT,SOLUSDT,0.4213753250518627,0.07204524634011769,0.021068036090194343,1,3.0545297525714696,1.0,-4.701690032682428,-1.3489656669947554,1,12.777474552932418,1.0,-3.425482682226901
12,XRPUSDT,ADAUSDT,1.5109703339122453,0.004751448223851437,0.01696746281844091,1,8.72175173224169,1.0,-0.7487144142894109,-0.6922227120386826,1,10.805414632678225,1.0,-1.4826943472840708
