,sym_1,sym_2,hedge_ratio,std,p_value,trade_oppotunities_performance,cumulative_returns_performance,win_rate_performance,peak_loss_performace,recent_z_score,examine_trade_oppotunities,examine_returns,examine_win_rate,examine_peak_loss
4,MASKUSDT,MATICUSDT,3.310077859525176,0.014043384375693503,0.007631980522899664,2,7.720662848396353,1.0,-6.536681693143763,-1.406765498659485,1,-2.784243509980173,0.0,-1.984243509980173
5,LINAUSDT,MTLUSDT,0.003642043898500794,0.000108187658853063,0.006432201204128358,1,11.857737266522545,1.0,-7.048828792562196,0.9897282975991122,1,-18.810602655966473,0.0,-19.76233643727079
3,MASKUSDT,ETHUSDT,0.001956050891445817,0.0175994867479623,0.018074572685073963,1,12.421283647190632,1.0,-4.976906582498272,-1.5034234160835138,2,17.550860861997684,0.5,-2.863849100766518
8,XLMUSDT,ADAUSDT,0.7633646916096395,0.001502960750957722,0.017543513749686556,1,5.3021825445022,1.0,-4.205206303687934,1.4867164702062643,0,0.0,0.0,-9.221362841723149
