,sym_1,sym_2,hedge_ratio,std,p_value,trade_oppotunities_performance,cumulative_returns_performance,win_rate_performance,peak_loss_performace,recent_z_score,examine_trade_oppotunities,examine_returns,examine_win_rate,examine_peak_loss
5,LINAUSDT,MTLUSDT,0.003642043898500794,0.000108187658853063,0.006432201204128358,1,12.463141412825498,1.0,-7.463772106169777,0.9897282975991122,1,-18.810602655966473,0.0,-19.76233643727079
2,APTUSDT,EOSUSDT,7.280924543467675,0.029999564054585953,0.019811860601727075,1,7.885563300913124,1.0,-5.454584331606485,0.06799911505607525,1,0.8979847969236384,1.0,-4.275894602097556
8,XLMUSDT,ADAUSDT,0.7633646916096395,0.001502960750957722,0.017543513749686556,1,4.663519626337369,1.0,-4.074048633319152,1.4867164702062643,0,0.0,0.0,-9.221362841723149
3,MASKUSDT,ETHUSDT,0.001956050891445817,0.0175994867479623,0.018074572685073963,1,13.30157291816139,1.0,-2.935808393542467,-1.5034234160835138,2,17.550860861997684,0.5,-2.863849100766518
