,sym_1,sym_2,hedge_ratio,std,p_value,trade_oppotunities_performance,cumulative_returns_performance,win_rate_performance,peak_loss_performace,recent_z_score,examine_trade_oppotunities,examine_returns,examine_win_rate,examine_peak_loss
5,LINAUSDT,MTLUSDT,0.003642043898500794,0.000108187658853063,0.006432201204128358,1,4.877010794097281,1.0,-7.602270061594531,0.9897282975991122,1,-18.810602655966473,0.0,-19.76233643727079
3,MASKUSDT,ETHUSDT,0.001956050891445817,0.0175994867479623,0.018074572685073963,1,11.94291491589433,1.0,-2.531152103469874,-1.5034234160835138,2,13.847504668669414,0.5,-2.6101539302998504
14,ETCUSDT,SOLUSDT,0.5473768861895654,0.16426446853622542,0.029093834131313705,1,3.5728662690468656,1.0,-0.47004879203677674,-0.4555932342050162,0,0.0,0.0,-11.282369477554756
