,sym_1,sym_2,hedge_ratio,std,p_value,trade_oppotunities_performance,cumulative_returns_performance,win_rate_performance,peak_loss_performace,recent_z_score,examine_trade_oppotunities,examine_returns,examine_win_rate,examine_peak_loss
15,MASKUSDT,MATICUSDT,2.9992700726975254,0.018730397140888463,8.928322196155333e-06,1,8.45318856568137,1.0,-5.004315110484987,-1.03412785682452,0,0.0,0.0,-1.1361778060319048
38,ETCUSDT,ADAUSDT,47.01350717774875,0.12152650419825203,0.016546134520588743,1,5.559574925423798,1.0,-3.890615729154742,1.391125680648197,0,0.0,0.0,-4.340742866216306
30,XRPUSDT,MATICUSDT,0.641418016155616,0.004545142131627342,0.01833598698063369,1,4.726007370854565,1.0,-3.810871842069331,-1.0413242722111904,0,0.0,0.0,-3.895307638334197
23,XLMUSDT,DOTUSDT,0.07287470666350827,0.002570964425792665,0.00916071028443687,1,1.410738278785859,1.0,-3.247300370913485,1.2066515657527483,0,0.0,0.0,-8.647972575598857
