,sym_1,sym_2,hedge_ratio,std,p_value,trade_oppotunities_performance,cumulative_returns_performance,win_rate_performance,peak_loss_performace,recent_z_score,examine_trade_oppotunities,examine_returns,examine_win_rate,examine_peak_loss
4,MASKUSDT,MATICUSDT,3.310077859525176,0.013823386745359214,0.007631980522899664,1,8.45318856568137,1.0,-5.004315110484987,-0.9344781982443096,0,0.0,0.0,-1.1361778060319048
14,ETCUSDT,SOLUSDT,0.5473768861895654,0.19370759974614682,0.029093834131313705,1,0.8668241018380234,1.0,-3.378647355289578,-0.11696033421765799,0,0.0,0.0,-7.0422988590568245
3,MASKUSDT,ETHUSDT,0.001956050891445817,0.018349201881174112,0.018074572685073963,1,17.220124727406255,1.0,-2.345665427491276,-1.0239708430981536,0,0.0,0.0,-6.986674453680328
