,sym_1,sym_2,hedge_ratio,std,p_value,trade_oppotunities_performance,cumulative_returns_performance,win_rate_performance,peak_loss_performace,recent_z_score,examine_trade_oppotunities,examine_returns,examine_win_rate,examine_peak_loss
10,AVAXUSDT,SOLUSDT,0.4213753250518627,0.07204524634011769,0.021068036090194343,1,3.0545297525714696,1.0,-2.2118939778351754,-1.3489656669947554,1,12.777474552932418,1.0,-3.425482682226901
12,XRPUSDT,ADAUSDT,1.5109703339122453,0.004751448223851437,0.01696746281844091,1,3.249883021680955,1.0,-0.7476437071709965,-0.6922227120386826,1,12.36623796331152,1.0,-0.8177580560464167
11,XRPUSDT,EOSUSDT,0.7607621780078547,0.004650903740832925,0.0007338562204853447,1,5.416712250386598,1.0,-0.6239303280606656,-1.0183376730318223,0,0.0,0.0,-4.505752470995888
