,sym_1,sym_2,hedge_ratio,std,p_value,trade_oppotunities_performance,cumulative_returns_performance,win_rate_performance,peak_loss_performace,recent_z_score,examine_trade_oppotunities,examine_returns,examine_win_rate,examine_peak_loss
17,XRPUSDT,APEUSDT,0.21848027214983137,0.004657267452418359,0.024225923738995667,1,0.7852400968642796,1.0,-6.31090109635202,-2.26769224843711,1,22.190378302240784,1.0,-7.226293386895151
5,CELOUSDT,FILUSDT,0.05515939811620957,0.01236929020711658,0.010037022989125033,1,167.3887197272088,1.0,-4.0076723723311805,3.609444412748594,1,-7.578960333428758,0.0,-6.778960333428758
7,GALAUSDT,SUSHIUSDT,0.017677664876279593,0.00013131502571758115,0.02525922902247491,1,3.824910931917546,1.0,-3.0714733988807787,2.2637159460468426,0,0.0,0.0,-1.472380520177464
11,COMPUSDT,DOTUSDT,19.43609581859006,1.5507373649307294,0.018379542046039577,1,9.883173356511557,1.0,-1.8975504750947954,-1.8967298623743059,1,1.9328987364464687,1.0,-4.344301928943548
