,sym_1,sym_2,hedge_ratio,std,p_value,trade_oppotunities_performance,cumulative_returns_performance,win_rate_performance,peak_loss_performace,recent_z_score,examine_trade_oppotunities,examine_returns,examine_win_rate,examine_peak_loss
30,APEUSDT,SOLUSDT,0.10271818050990145,0.016600976658211194,0.0012380436275067853,3,5.656289315627718,1.0,-3.3062594558542315,0.2300322196499608,2,10.089997371400866,1.0,-1.494781522801055
18,XLMUSDT,SOLUSDT,0.0069705860514137664,0.0018480399966726224,0.003322577354783465,2,19.937486797959085,1.0,-3.7296910213705408,-0.3681232429487681,2,3.5722293517125623,0.5,-2.3133420318840847
16,XLMUSDT,DOTUSDT,0.07287470666350827,0.0024074375264094105,0.00916071028443687,2,3.726550733823845,1.0,-1.846981338099982,1.2847252034749868,2,194.54767004139222,1.0,-39.30107665689227
