,sym_1,sym_2,hedge_ratio,std,p_value,trade_oppotunities_performance,cumulative_returns_performance,win_rate_performance,peak_loss_performace,recent_z_score,examine_trade_oppotunities,examine_returns,examine_win_rate,examine_peak_loss
11,COMPUSDT,EOSUSDT,134.43086829983508,0.9648949275010108,0.019846492781968716,3,5.3347240164136265,1.0,-12.07242976680112,-1.2480450710457127,3,-4.898332519009427,0.3333333333333333,-4.664057651142425
12,COMPUSDT,ADAUSDT,359.1347845624015,0.848301870986335,0.01675972804956077,3,17.577645153341887,1.0,-9.157824935816148,-1.2940127917937838,4,-18.769976185383516,0.25,-12.078622876373721
10,COMPUSDT,ETCUSDT,7.87534180234604,0.749106646413779,0.02486237964565953,1,2.562362370189404,1.0,-10.305886967476635,-1.2325904844480293,2,-6.985817461200291,0.0,-6.261690686803726
