,sym_1,sym_2,hedge_ratio,std,p_value,trade_oppotunities_performance,cumulative_returns_performance,win_rate_performance,peak_loss_performace,recent_z_score,examine_trade_oppotunities,examine_returns,examine_win_rate,examine_peak_loss
11,XRPUSDT,EOSUSDT,0.7607621780078547,0.004756721615856091,0.0007338562204853447,1,1.761993188638646,1.0,-4.515751658207135,-0.928130803115021,0,0.0,0.0,-20.44269920424468
2,APTUSDT,EOSUSDT,7.280924543467675,0.037488193549968206,0.019811860601727075,1,8.717599190786173,1.0,-2.721297819190216,-0.05007254475111815,0,0.0,0.0,-4.584464455760612
10,AVAXUSDT,SOLUSDT,0.4213753250518627,0.08020515142480296,0.021068036090194343,1,5.192115736149014,1.0,-0.8098757975889848,-1.2723975276163542,1,15.272779749155568,1.0,-1.2357331989129863
