,sym_1,sym_2,hedge_ratio,std,p_value,trade_oppotunities_performance,cumulative_returns_performance,win_rate_performance,peak_loss_performace,recent_z_score,examine_trade_oppotunities,examine_returns,examine_win_rate,examine_peak_loss
19,MASKUSDT,SOLUSDT,0.05364674536006428,0.04221576030336368,0.002192022250175068,1,5.3015158855379125,1.0,-4.9382740059045265,-0.814291299483183,0,0.0,0.0,0.0
36,XRPUSDT,EOSUSDT,0.8485196650217772,0.007914223403383028,0.02882624696686127,1,1.761993188638646,1.0,-4.515751658207135,-0.619765126395434,0,0.0,0.0,-20.44269920424468
32,XRPUSDT,MATICUSDT,0.641418016155616,0.0048385652095489515,0.01833598698063369,1,2.23769846641732,1.0,-3.2027418659454145,-1.3026963408688952,0,0.0,0.0,-19.48302892824752
