,sym_1,sym_2,hedge_ratio,std,p_value,trade_oppotunities_performance,cumulative_returns_performance,win_rate_performance,peak_loss_performace,recent_z_score,examine_trade_oppotunities,examine_returns,examine_win_rate,examine_peak_loss
21,SNXUSDT,FILUSDT,1.779015051144599,0.07735744874610456,0.004288414522814464,1,36.915913154645686,1.0,-9.019612072455391,-1.1413535258022924,1,18.59286466146959,1.0,-8.59615308299356
42,EOSUSDT,ADAUSDT,1.9563311275101603,0.0036741412639440807,0.0045722246245471256,1,3.400209862958506,1.0,-6.47889992545793,0.22940024269195508,0,0.0,0.0,-5.096482984679938
39,FILUSDT,APEUSDT,1.0214076597604629,0.03757497159149531,0.0065168497533049045,1,10.145191554200087,1.0,-5.632488881300699,1.7532706993982456,0,0.0,0.0,-1.9605670797899204
38,DOTUSDT,LDOUSDT,1.575146880394178,0.023257036473714774,0.01599304861358208,1,13.994532404200731,1.0,-5.5670160642813835,-1.3165984050179314,0,0.0,0.0,-13.499460510939427
