,sym_1,sym_2,hedge_ratio,std,p_value,trade_oppotunities_performance,cumulative_returns_performance,win_rate_performance,peak_loss_performace,recent_z_score,examine_trade_oppotunities,examine_returns,examine_win_rate,examine_peak_loss
20,CELOUSDT,UNIUSDT,0.007195407360694635,0.012592073603318514,0.014588798611775795,2,192.4374948294597,1.0,-41.428954243339575,3.7380532168323666,1,72.70822689411307,1.0,-77.56897627870327
19,CELOUSDT,EOSUSDT,0.2969050796405212,0.011936243258227456,0.02299636614341007,1,66.71411213461998,1.0,-20.603516117869614,3.724664272514173,2,1275.5854117467593,1.0,-142.56810274099044
4,CELOUSDT,GALAUSDT,2.0132749137960104,0.012909241602497368,0.007988370361265412,1,122.27468325762649,1.0,-16.503808805917174,3.7167216385967556,1,22.899593511785387,1.0,-5.729129841604402
28,COMPUSDT,LDOUSDT,24.11675095056284,1.6690905576699533,0.02881621477364689,1,17.989065968880354,1.0,-8.383453476409644,-1.8475470645441978,2,6272.531319943796,0.5,-245.63227987882493
