,sym_1,sym_2,hedge_ratio,std,p_value,trade_oppotunities_performance,cumulative_returns_performance,win_rate_performance,peak_loss_performace,recent_z_score,examine_trade_oppotunities,examine_returns,examine_win_rate,examine_peak_loss
3,CELOUSDT,SNXUSDT,0.07493932381349358,0.01036661143675472,0.02163936830064644,1,67.13232370146366,1.0,-51.57590286046843,4.436930945163926,0,0.0,0.0,-19.255234976907726
20,OPUSDT,SUSHIUSDT,0.9423881502939162,0.032782050133322804,0.014307069843034849,1,3.180721530499625,1.0,-21.391719867214192,2.6790867696345084,1,5.011805458912953,1.0,-15.406145935729914
15,COMPUSDT,ETCUSDT,7.87534180234604,2.5866512489901363,0.02486237964565953,1,1.7087464016490614,1.0,-13.013545318302556,-2.098519570634338,0,0.0,0.0,-11.197377013489124
11,1000SHIBUSDT,EOSUSDT,0.009282122097179166,6.474197439420428e-05,0.028903057691135693,1,9.820143813939307,1.0,-4.6996522020815075,0.5221532590427997,0,0.0,0.0,-17.05971232316275
