,sym_1,sym_2,hedge_ratio,std,p_value,trade_oppotunities_performance,cumulative_returns_performance,win_rate_performance,peak_loss_performace,recent_z_score,examine_trade_oppotunities,examine_returns,examine_win_rate,examine_peak_loss
35,DOTUSDT,LDOUSDT,1.575146880394178,0.023326387580040554,0.01599304861358208,1,12.229097317875262,1.0,-7.481077365925999,-1.5693110553638936,1,-7.749190159244815,0.0,-11.859186270498173
10,MASKUSDT,XLMUSDT,6.804945435628905,0.03614042939038983,0.002194456611708529,1,23.822974717473013,1.0,-1.8951691585401045,-1.0345307030338682,0,0.0,0.0,-5.517034059756979
12,MASKUSDT,XRPUSDT,3.7550298388991843,0.031815634942170504,0.0029566651308742782,1,17.86924313198193,1.0,-1.4721493867708804,-0.6106751032533909,1,1.9898693704120507,1.0,-0.6280062691954644
17,MASKUSDT,APEUSDT,0.5069128884715075,0.028601528620756163,0.001130482943524019,1,19.458962823956266,1.0,-1.407074552030761,-1.5099082700785817,1,-7.969078975802755,0.0,-7.816517333576085
