,sym_1,sym_2,hedge_ratio,std,p_value,trade_oppotunities_performance,cumulative_returns_performance,win_rate_performance,peak_loss_performace,recent_z_score,examine_trade_oppotunities,examine_returns,examine_win_rate,examine_peak_loss
6,MASKUSDT,MATICUSDT,3.1830748333584484,0.014053406449221774,0.0017784205075557606,2,7.5917972821418624,1.0,-7.452119412874612,-1.090708105170775,2,10.803720690838977,1.0,-0.4933561360287948
0,LINKUSDT,MASKUSDT,2.819722282565288,0.050715942832326145,0.019058628756741483,2,45.55906263378394,1.0,-6.418680882783081,0.36185700791913705,1,-2.589872194279618,0.0,-1.789872194279618
14,XRPUSDT,EOSUSDT,0.8948565860759339,0.004376361597048275,0.001627549056089523,1,1.1836530515561632,1.0,-6.127919314568076,-2.0415907881179125,2,1.0289665902705414,0.5,-15.454433188415175
4,MASKUSDT,DOTUSDT,0.5775074424129454,0.01905542655357103,0.014371062184596049,1,1.9654916479594984,1.0,-5.854906756754678,-1.0136621301017767,2,13.093381514193432,1.0,-1.4173431678257582
