,sym_1,sym_2,hedge_ratio,std,p_value,trade_oppotunities_performance,cumulative_returns_performance,win_rate_performance,peak_loss_performace,recent_z_score,examine_trade_oppotunities,examine_returns,examine_win_rate,examine_peak_loss
19,DYDXUSDT,INJUSDT,0.09432437628286636,0.03004573721109993,0.011366444908767521,1,19.492172401936553,1.0,-63.09656282601504,-0.5481885086217659,1,-12.668306545578922,0.0,-28.153951965902174
14,DOTUSDT,AAVEUSDT,0.017520982034380586,0.09310670306753625,0.013233788726713396,1,0.30222607792150025,1.0,-22.72889241529949,0.006098458430045099,0,0.0,0.0,-3.693887599677841
18,DYDXUSDT,SOLUSDT,0.005838898960406066,0.05255094691261401,0.0029312452963861533,1,41.89676483805361,1.0,-18.188931610931405,-1.1689948086653132,0,0.0,0.0,0.0
9,SNXUSDT,DOTUSDT,1.6672474405807707,0.1020327434942352,0.007085188425114882,1,5.490101498250945,1.0,-12.15396855300268,-0.38427057675299037,0,0.0,0.0,-2.094350738802433
