,sym_1,sym_2,hedge_ratio,std,p_value,trade_oppotunities_performance,cumulative_returns_performance,win_rate_performance,peak_loss_performace,recent_z_score,examine_trade_oppotunities,examine_returns,examine_win_rate,examine_peak_loss
23,DYDXUSDT,ETCUSDT,0.014970453842451492,0.05235542996278464,0.005116484222569415,1,5.344914079694198,1.0,-136.62653844158132,-1.1954623795597785,0,0.0,0.0,-18.018922812312194
29,DYDXUSDT,EOSUSDT,1.6599751123235924,0.03543410682993958,0.02362186527963554,1,32.96682780449075,1.0,-23.646887077428413,-0.737206518004016,0,0.0,0.0,-11.414311340929054
27,DYDXUSDT,SOLUSDT,0.005838898960406066,0.05255094691261401,0.0029312452963861533,1,41.89676483805361,1.0,-18.188931610931405,-1.1689948086653132,1,5.910572558508203,1.0,-1.6798705999044898
41,LDOUSDT,APEUSDT,0.4950430686465858,0.026753255138079343,0.002603172794018584,1,6.540335802892021,1.0,-17.20967336468957,-0.57622815701609,1,20.55771093692008,1.0,-6.503282116647762
