,sym_1,sym_2,hedge_ratio,std,p_value,trade_oppotunities_performance,cumulative_returns_performance,win_rate_performance,peak_loss_performace,recent_z_score,examine_trade_oppotunities,examine_returns,examine_win_rate,examine_peak_loss
21,XRPUSDT,AAVEUSDT,0.002452112323961801,0.010643054296192592,8.130891415070636e-05,3,52.483392686263116,1.0,-12.937284258118446,-0.8891419961280149,3,63.30334125888543,1.0,-5.641976914130389
28,DYDXUSDT,STMXUSDT,15.77502930012365,0.040114953422250445,0.0038664587078616145,2,41.3425376276339,1.0,-44.7461447977922,-1.1747488493299298,2,40.36756602450715,0.5,-4.173847110807258
22,DOTUSDT,AAVEUSDT,0.017520982034380586,0.05946085467038371,0.013233788726713396,2,14.147095971943159,1.0,-2.5612885810366235,-0.3916452720833392,2,63.51889533157982,1.0,-9.526983904158776
