,sym_1,sym_2,hedge_ratio,std,p_value,trade_oppotunities_performance,cumulative_returns_performance,win_rate_performance,peak_loss_performace,recent_z_score,examine_trade_oppotunities,examine_returns,examine_win_rate,examine_peak_loss
22,DYDXUSDT,STMXUSDT,15.77502930012365,0.056715664730070975,0.0038664587078616145,1,82.41594843600508,1.0,-38.681396236106046,-1.2305225730735363,0,0.0,0.0,0.0
18,DYDXUSDT,FILUSDT,0.06310706393184018,0.052228337970866213,0.005900629325318341,1,51.56977741802797,1.0,-12.924488511610122,-1.0332944836239886,1,28.05163030195735,1.0,-26.34016867602101
1,MASKUSDT,CRVUSDT,0.8381330627688259,0.10605312860826063,0.02046122042270744,1,46.962503854766055,1.0,-4.789800271664265,-0.7602626188979885,0,0.0,0.0,0.0
