,sym_1,sym_2,hedge_ratio,std,p_value,trade_oppotunities_performance,cumulative_returns_performance,win_rate_performance,peak_loss_performace,recent_z_score,examine_trade_oppotunities,examine_returns,examine_win_rate,examine_peak_loss
31,BTCUSDT,KNCUSDT,415.8985315595162,318.56805353574697,0.008107118893566441,2,21.006624262234048,1.0,-19.7792511754017,-2.226317230540221,1,46.71229498481107,1.0,-5.46016080455764
8,HBARUSDT,STMXUSDT,0.9566863649747075,0.0009929128782343697,0.00815953419750721,2,7.966025756471218,1.0,-17.345577405600878,-1.9243994630678776,1,25.663565550175456,1.0,-86.87367069629867
24,DYDXUSDT,STMXUSDT,15.77502930012365,0.04437528274011219,0.0038664587078616145,1,57.93416892839795,1.0,-43.96806275503219,-0.9094140760113099,1,5.722058962080681,1.0,-9.225163794711728
16,DOTUSDT,AAVEUSDT,0.017520982034380586,0.0794209754738364,0.013233788726713396,1,3.4526456596740127,1.0,-23.10792103306752,0.2670823109619975,1,50.732679233181535,1.0,-3.512759950089289
