,sym_1,sym_2,hedge_ratio,std,p_value,trade_oppotunities_performance,cumulative_returns_performance,win_rate_performance,peak_loss_performace,recent_z_score,examine_trade_oppotunities,examine_returns,examine_win_rate,examine_peak_loss
16,XRPUSDT,AAVEUSDT,0.002452112323961801,0.010643054296192592,8.130891415070636e-05,3,47.713180045036054,1.0,-20.816598239966304,-0.8891419961280149,3,57.18605859976384,1.0,-9.236406935213745
9,SNXUSDT,DOTUSDT,1.6672474405807707,0.07892787895637839,0.007085188425114882,3,23.932054828997842,1.0,-3.796466732386528,-0.023177567847024332,3,132.54506828940356,0.3333333333333333,-58.20858466509193
21,DYDXUSDT,STMXUSDT,15.77502930012365,0.040114953422250445,0.0038664587078616145,2,15.513528449315476,1.0,-67.23381992210982,-1.1747488493299298,3,32.308058508717814,0.6666666666666666,-11.011495109370536
