,sym_1,sym_2,hedge_ratio,std,p_value,trade_oppotunities_performance,cumulative_returns_performance,win_rate_performance,peak_loss_performace,recent_z_score,examine_trade_oppotunities,examine_returns,examine_win_rate,examine_peak_loss
18,DYDXUSDT,SUSHIUSDT,1.0535886867904767,0.03395660754493731,0.022296195506495267,1,15.86981052431026,1.0,-50.50625273901076,-0.825506418457634,0,0.0,0.0,0.0
27,DYDXUSDT,MTLUSDT,0.1986791773236571,0.044189703200165215,0.005732927400942612,1,42.916002235938315,1.0,-30.88295043238398,-1.1505790727483627,0,0.0,0.0,-84.94754671213585
25,DYDXUSDT,INJUSDT,0.09432437628286636,0.02987614995890374,0.011366444908767521,1,24.34914935899513,1.0,-15.738284449308022,-0.47389849194517597,0,0.0,0.0,0.0
