,sym_1,sym_2,hedge_ratio,std,p_value,trade_oppotunities_performance,cumulative_returns_performance,win_rate_performance,peak_loss_performace,recent_z_score,examine_trade_oppotunities,examine_returns,examine_win_rate,examine_peak_loss
34,BTCUSDT,KNCUSDT,415.8985315595162,318.56805353574697,0.008107118893566441,2,20.085098824298843,1.0,-12.172229323123544,-2.226317230540221,1,46.71229498481107,1.0,-2.7359488926005557
19,DOTUSDT,AAVEUSDT,0.017520982034380586,0.0794209754738364,0.013233788726713396,1,3.4526456596740127,1.0,-23.10792103306752,0.2670823109619975,1,47.70123817809226,1.0,-7.670720108868083
9,HBARUSDT,STMXUSDT,0.9566863649747075,0.0009929128782343697,0.00815953419750721,1,0.5441055214007278,1.0,-17.345577405600878,-1.9243994630678776,1,25.663565550175456,1.0,-71.52658569771187
38,BTCUSDT,UNIUSDT,32.96560867529422,301.9410318914077,0.01835321447514502,1,2.126335878104757,1.0,-9.527937785372632,-2.245017949613419,1,28.96487620302072,1.0,-1.198910217870555
