,sym_1,sym_2,hedge_ratio,std,p_value,trade_oppotunities_performance,cumulative_returns_performance,win_rate_performance,peak_loss_performace,recent_z_score,examine_trade_oppotunities,examine_returns,examine_win_rate,examine_peak_loss
15,XRPUSDT,OGNUSDT,0.6869937868950128,0.0197309002363223,0.016571888412235784,1,54.03527376255872,1.0,-21.90316765740098,-1.5319143980836134,1,65.99848775523951,1.0,-7.3644992578021675
3,MASKUSDT,CRVUSDT,0.8381330627688259,0.07791995443938045,0.02046122042270744,1,1.7248961837043317,1.0,-21.65337492164397,-1.8359146386762057,1,18.608538628557643,1.0,-1.5464774738346014
0,NEARUSDT,STMXUSDT,28.609191863985416,0.023094596450700958,0.028357231318604622,1,21.67241058142294,1.0,-21.615407013478265,0.498533012667501,1,10.601520881118892,1.0,-20.051722799171504
18,DYDXUSDT,SUSHIUSDT,1.0535886867904767,0.03467720667968897,0.022296195506495267,1,33.519831794239586,1.0,-20.096349297525748,-0.5869023970916749,1,17.34470447710644,1.0,-23.18229747057134
