,sym_1,sym_2,hedge_ratio,std,p_value,trade_oppotunities_performance,cumulative_returns_performance,win_rate_performance,peak_loss_performace,recent_z_score,examine_trade_oppotunities,examine_returns,examine_win_rate,examine_peak_loss
22,XRPUSDT,AAVEUSDT,0.002452112323961801,0.010643054296192592,8.130891415070636e-05,2,32.509775427084435,1.0,-12.937284258118446,-0.8891419961280149,3,65.03874125475885,1.0,-5.641976914130389
12,ETHUSDT,AAVEUSDT,3.877554891190508,7.8841460464358795,0.010298557201621072,2,16.937282460850255,1.0,-3.6401027063623217,-1.0911878061933495,1,23.315307315526383,1.0,0.0
2,MASKUSDT,CRVUSDT,0.8381330627688259,0.06019965705793157,0.02046122042270744,1,1.8265915904119372,1.0,-10.310191347697323,-1.6483079105511862,3,39.61904999815845,0.6666666666666666,-18.68908205764391
