,sym_1,sym_2,hedge_ratio,std,p_value,trade_oppotunities_performance,cumulative_returns_performance,win_rate_performance,peak_loss_performace,recent_z_score,examine_trade_oppotunities,examine_returns,examine_win_rate,examine_peak_loss
17,DYDXUSDT,ETCUSDT,0.014970453842451492,0.05235542996278464,0.005116484222569415,1,10.874504188577008,1.0,-134.7866726195482,-1.1954623795597785,0,0.0,0.0,-18.797536907195685
21,DYDXUSDT,SOLUSDT,0.005838898960406066,0.05255094691261401,0.0029312452963861533,1,41.89676483805361,1.0,-18.188931610931405,-1.1689948086653132,0,0.0,0.0,-1.826143811714232
16,DYDXUSDT,FILUSDT,0.06310706393184018,0.05090325809731475,0.005900629325318341,1,40.972308819130426,1.0,-17.503325936326203,-1.1449830923610171,0,0.0,0.0,0.0
23,DYDXUSDT,EOSUSDT,1.6599751123235924,0.03543410682993958,0.02362186527963554,1,50.041889496490676,1.0,-13.603162624419404,-0.737206518004016,0,0.0,0.0,-2.817435037078055
