,sym_1,sym_2,hedge_ratio,std,p_value,trade_oppotunities_performance,cumulative_returns_performance,win_rate_performance,peak_loss_performace,recent_z_score,examine_trade_oppotunities,examine_returns,examine_win_rate,examine_peak_loss
27,DYDXUSDT,STMXUSDT,15.77502930012365,0.04437528274011219,0.0038664587078616145,1,48.86053958772734,1.0,-32.84371502666361,-0.9094140760113099,0,0.0,0.0,-8.37731230153371
31,DYDXUSDT,MTLUSDT,0.1986791773236571,0.044189703200165215,0.005732927400942612,1,42.916002235938315,1.0,-30.88295043238398,-1.1505790727483627,0,0.0,0.0,-84.78372907819407
9,HBARUSDT,STMXUSDT,0.9566863649747075,0.0009929128782343697,0.00815953419750721,1,0.5441055214007278,1.0,-17.345577405600878,-1.9243994630678776,1,25.663565550175456,1.0,-51.41915879617963
29,DYDXUSDT,INJUSDT,0.09432437628286636,0.02987614995890374,0.011366444908767521,1,24.34914935899513,1.0,-15.738284449308022,-0.47389849194517597,0,0.0,0.0,-4.217668242227389
