,sym_1,sym_2,hedge_ratio,std,p_value,trade_oppotunities_performance,cumulative_returns_performance,win_rate_performance,peak_loss_performace,recent_z_score,examine_trade_oppotunities,examine_returns,examine_win_rate,examine_peak_loss
30,BTCUSDT,SOLUSDT,119.86200862303508,270.87076476663213,0.0013395465374969541,1,12.361300968009203,1.0,-12.103421785946836,-2.411829420572916,1,15.735788435763894,1.0,0.0
34,LDOUSDT,FILUSDT,0.429490693458764,0.06452301030501277,0.0009623300001602269,1,7.785166663123875,1.0,-4.425944580289837,-0.7846765144426906,0,0.0,0.0,-18.949007695944807
18,DYDXUSDT,LDOUSDT,0.15532860960160844,0.04834865654405624,0.006946132108023144,1,3.098227929615303,1.0,-4.23484088653491,-0.94971448509037,0,0.0,0.0,0.0
