,sym_1,sym_2,hedge_ratio,std,p_value,trade_oppotunities_performance,cumulative_returns_performance,win_rate_performance,peak_loss_performace,recent_z_score,examine_trade_oppotunities,examine_returns,examine_win_rate,examine_peak_loss
37,LDOUSDT,APEUSDT,0.4950430686465858,0.04141805446439663,0.002603172794018584,1,27.74614969361374,1.0,-2.299002048508158,-0.34141826267122805,0,0.0,0.0,0.0
36,LDOUSDT,FILUSDT,0.429490693458764,0.06452301030501277,0.0009623300001602269,1,4.009637141290002,1.0,-0.8909099040857797,-0.7846765144426906,0,0.0,0.0,-10.50282607620021
5,MASKUSDT,APEUSDT,0.8030942905680107,0.08895829786717209,0.0015806624085694073,1,2.254215896401302,1.0,0.0,1.1098530457269686,0,0.0,0.0,0.0
