,sym_1,sym_2,hedge_ratio,std,p_value,trade_oppotunities_performance,cumulative_returns_performance,win_rate_performance,peak_loss_performace,recent_z_score,examine_trade_oppotunities,examine_returns,examine_win_rate,examine_peak_loss
24,DYDXUSDT,SOLUSDT,0.005838898960406066,0.05362074756908081,0.0029312452963861533,2,106.02462374761402,1.0,-6.4299523404699865,-1.0731880115337231,0,0.0,0.0,-11.716899172264222
36,EOSUSDT,ADAUSDT,1.5342673775543858,0.0122485914026782,0.00020381365704761028,1,2.1466526075664882,1.0,-22.82650479615433,-0.23304762130932571,0,0.0,0.0,0.0
29,BTCUSDT,SOLUSDT,119.86200862303508,270.87076476663213,0.0013395465374969541,1,12.361300968009203,1.0,-12.103421785946836,-2.411829420572916,1,41.28697938383894,1.0,0.0
32,LDOUSDT,FILUSDT,0.429490693458764,0.06452301030501277,0.0009623300001602269,1,4.359924031140342,1.0,-10.040276320816563,-0.7846765144426906,0,0.0,0.0,-18.949007695944807
