,sym_1,sym_2,hedge_ratio,std,p_value,trade_oppotunities_performance,cumulative_returns_performance,win_rate_performance,peak_loss_performace,recent_z_score,examine_trade_oppotunities,examine_returns,examine_win_rate,examine_peak_loss
2,LINKUSDT,COMPUSDT,0.04119203323154913,0.3598167049687707,0.0017366106477592189,2,8.603128743232055,1.0,-3.2676176275764153,0.8614232313148763,0,0.0,0.0,-28.159122379948005
21,SNXUSDT,CRVUSDT,2.0193262026762886,0.12132979164591695,0.014338861667774712,1,56.62175976220014,1.0,-52.82833235730701,-1.805574825518002,1,2.207913208174799,1.0,-80.00439488638744
37,DYDXUSDT,INJUSDT,0.09587862778074832,0.043907715236286095,0.005722915256076071,1,50.608781927142054,1.0,-21.720398579568105,-0.2892972094600525,0,0.0,0.0,0.0
30,XRPUSDT,DOTUSDT,0.22942947451184642,0.03413420226168297,0.0005424158523234091,1,118.38396050924077,1.0,-3.0787126660583937,0.391555488763711,1,0.9221975014451412,1.0,-20.123716957901866
