,sym_1,sym_2,hedge_ratio,std,p_value,trade_oppotunities_performance,cumulative_returns_performance,win_rate_performance,peak_loss_performace,recent_z_score,examine_trade_oppotunities,examine_returns,examine_win_rate,examine_peak_loss
30,XRPUSDT,DYDXUSDT,0.48677016205323653,0.03163077672483795,0.00654938734042741,2,12.211884599937921,1.0,-39.74236603268747,0.19442855213962054,1,8.867009937346843,1.0,-23.237473300677262
26,XLMUSDT,SOLUSDT,0.0068324748067816335,0.012637481297546348,0.0004959121379864991,1,9.982714293866838,1.0,-18.594628214171586,0.12019386408332358,0,0.0,0.0,-22.160931846501462
33,DYDXUSDT,INJUSDT,0.09587862778074832,0.04460918322611001,0.005722915256076071,1,24.34914935899513,1.0,-15.738284449308022,-0.46255209693773114,0,0.0,0.0,-15.548944088499885
34,LDOUSDT,MATICUSDT,2.4168970333649127,0.026279594289200264,0.002343869781339708,1,5.860666261020971,1.0,-9.467690032758757,-0.8302188123714138,0,0.0,0.0,0.0
