,sym_1,sym_2,hedge_ratio,std,p_value,trade_oppotunities_performance,cumulative_returns_performance,win_rate_performance,peak_loss_performace,recent_z_score,examine_trade_oppotunities,examine_returns,examine_win_rate,examine_peak_loss
13,HBARUSDT,SNXUSDT,0.005924266704330572,0.0014891805496615334,0.0018386600203141308,1,6.9590260647387385,1.0,-29.42324202508498,-1.7387085208648423,1,68.06893182592906,1.0,-22.681730412732936
8,MASKUSDT,SNXUSDT,0.7002549996595258,0.11180275707132152,0.021575273041646855,1,2.3853248179243858,1.0,-22.704760498798567,1.346184166012911,1,35.2787256942761,1.0,-7.974683589520906
1,LINKUSDT,SNXUSDT,1.4556218401803027,0.3272070292028933,8.373239274793493e-05,1,12.607747076575055,1.0,-19.575485276357163,1.4209196751163933,1,36.31828890107453,1.0,-40.86086460062426
15,HBARUSDT,XRPUSDT,0.044426975477014664,0.001043826775885357,0.01529123807492041,1,6.102010518791896,1.0,-17.584212566635735,-1.709287610242233,1,33.27366673340152,1.0,-18.154081146884465
