,sym_1,sym_2,hedge_ratio,std,p_value,trade_oppotunities_performance,cumulative_returns_performance,win_rate_performance,peak_loss_performace,recent_z_score,examine_trade_oppotunities,examine_returns,examine_win_rate,examine_peak_loss
10,SNXUSDT,APEUSDT,1.3333926897244834,0.09101667576080603,0.01427170490245836,3,32.60658922386901,1.0,-26.14894271421401,0.34638417011894185,4,129.55377243497344,0.5,-49.85929166160083
8,SNXUSDT,FTMUSDT,14.454194735957815,0.1003068644140524,0.012085556376388652,3,36.06921394552609,1.0,-11.434489102893068,-1.7386120379177084,3,35.99444424217137,0.6666666666666666,-128.9812139996129
22,FILUSDT,APEUSDT,0.8137415773525716,0.0721084383731213,0.014129646578975072,2,13.437425983937718,1.0,-8.655468467363967,0.25224345505656826,4,-4.055264743710399,0.25,-13.316346476412935
