,sym_1,sym_2,hedge_ratio,std,p_value,trade_oppotunities_performance,cumulative_returns_performance,win_rate_performance,peak_loss_performace,recent_z_score,examine_trade_oppotunities,examine_returns,examine_win_rate,examine_peak_loss
57,XRPUSDT,EOSUSDT,1.576391410767493,0.02948326169200594,0.00219553165023978,1,26.057431663662005,1.0,-15.611409688483874,-0.42119702123227143,0,0.0,0.0,0.0
61,LDOUSDT,MATICUSDT,2.4168970333649127,0.06740672345387665,0.002343869781339708,1,23.535450996478122,1.0,-13.610478698313555,-0.8430179142589874,0,0.0,0.0,0.0
63,FILUSDT,APEUSDT,0.8137415773525716,0.0731932736871906,0.014129646578975072,1,21.14708534418153,1.0,-11.602029810058669,-1.167695793979702,0,0.0,0.0,0.0
36,HBARUSDT,FILUSDT,0.003339136390664955,0.0016933547510202412,0.020744322072257758,1,2.176274597176623,1.0,-5.285148027890578,-1.3880242279221269,0,0.0,0.0,0.0
