,sym_1,sym_2,hedge_ratio,std,p_value,trade_oppotunities_performance,cumulative_returns_performance,win_rate_performance,peak_loss_performace,recent_z_score,examine_trade_oppotunities,examine_returns,examine_win_rate,examine_peak_loss
13,HBARUSDT,SNXUSDT,0.005924266704330572,0.0014891805496615334,0.0018386600203141308,1,6.9590260647387385,1.0,-10.024026894909532,-1.7387085208648423,1,68.06893182592906,1.0,-22.681730412732936
17,HBARUSDT,INJUSDT,0.002902465972663179,0.0014790559015644567,0.009364002396624037,1,89.2620302619863,1.0,-10.018142167381981,-1.4813446726045183,1,9.816021432717852,1.0,-49.62088212114153
29,XLMUSDT,SOLUSDT,0.0068324748067816335,0.015135444823224686,0.0004959121379864991,1,32.87122487106533,1.0,-8.740353714058145,0.2186401417792321,0,0.0,0.0,-2.4407553733295195
8,MASKUSDT,SNXUSDT,0.7002549996595258,0.11180275707132152,0.021575273041646855,1,1.2594777168056324,1.0,-8.33813578850221,1.346184166012911,1,5.288195544637928,1.0,-0.36645199910953347
