,sym_1,sym_2,hedge_ratio,std,p_value,trade_oppotunities_performance,cumulative_returns_performance,win_rate_performance,peak_loss_performace,recent_z_score,examine_trade_oppotunities,examine_returns,examine_win_rate,examine_peak_loss
25,AVAXUSDT,INJUSDT,0.6721886670305784,0.1352044398934006,0.02242595204259689,1,25.5656236303276,1.0,-38.12701498923771,-0.5930570804317403,2,15.899345046712341,0.5,-7.683513378804526
28,XRPUSDT,INJUSDT,0.06628996210691926,0.014597235862995061,0.00015512217295870237,1,44.446185901751065,1.0,-27.16060053541385,0.6828356014977909,2,59.87114187540816,0.5,-3.7549987277901273
26,XRPUSDT,DOTUSDT,0.22942947451184642,0.03413420226168297,0.0005424158523234091,1,118.38396050924077,1.0,-8.015551221511874,0.391555488763711,2,0.5239668489143146,0.5,-25.18283195282141
27,XRPUSDT,MATICUSDT,1.1201150966694502,0.022764890484329874,0.00027301335405935585,1,48.89174853301125,1.0,-7.991470063293541,0.07533963702606952,1,0.7122552316942545,1.0,-22.400772967634644
