,sym_1,sym_2,hedge_ratio,std,p_value,trade_oppotunities_performance,cumulative_returns_performance,win_rate_performance,peak_loss_performace,recent_z_score,examine_trade_oppotunities,examine_returns,examine_win_rate,examine_peak_loss
16,HBARUSDT,AVAXUSDT,0.004106393395254957,0.0018854980860519635,0.010908069563307324,1,4.003992897741116,1.0,-14.940018063349582,-0.5142480042823301,0,0.0,0.0,-13.556245425397115
13,CELOUSDT,BNBUSDT,0.004678386720939028,0.020186881156670822,0.0005679577476677969,1,17.497795237119366,1.0,-9.65499929513297,-2.121960092619479,0,0.0,0.0,-403.75467961175207
20,HBARUSDT,INJUSDT,0.002902465972663179,0.0014790559015644567,0.009364002396624037,1,89.2620302619863,1.0,-7.842636276032659,-1.4813446726045183,1,4.0672523809284415,1.0,-19.89455610971289
41,DOTUSDT,MATICUSDT,3.6477324467833214,0.07158116296815542,0.016387699768108045,1,12.72408266088755,1.0,-6.492236801097243,-1.6564056011713895,0,0.0,0.0,0.0
