,sym_1,sym_2,hedge_ratio,std,p_value,trade_oppotunities_performance,cumulative_returns_performance,win_rate_performance,peak_loss_performace,recent_z_score,examine_trade_oppotunities,examine_returns,examine_win_rate,examine_peak_loss
57,XRPUSDT,EOSUSDT,1.576391410767493,0.02948326169200594,0.00219553165023978,1,17.905471040973147,1.0,-29.491719592206806,-0.42119702123227143,0,0.0,0.0,-19.649699245366165
61,LDOUSDT,MATICUSDT,2.4168970333649127,0.06740672345387665,0.002343869781339708,1,19.491184494043292,1.0,-16.74161880692509,-0.8430179142589874,0,0.0,0.0,0.0
33,HBARUSDT,AVAXUSDT,0.004106393395254957,0.0026345849118724622,0.010908069563307324,1,1.6600872716068984,1.0,-13.865147898827647,0.3389018802336088,0,0.0,0.0,-0.5945114149243936
63,FILUSDT,APEUSDT,0.8137415773525716,0.0731932736871906,0.014129646578975072,1,21.14708534418153,1.0,-11.602029810058669,-1.167695793979702,0,0.0,0.0,0.0
