,sym_1,sym_2,hedge_ratio,std,p_value,trade_oppotunities_performance,cumulative_returns_performance,win_rate_performance,peak_loss_performace,recent_z_score,examine_trade_oppotunities,examine_returns,examine_win_rate,examine_peak_loss
22,XRPUSDT,DYDXUSDT,0.48677016205323653,0.030007092322308568,0.00654938734042741,2,68.86625348312262,1.0,-46.025576305983144,1.114746580671452,2,-1.7018638809647104,0.5,-19.86409666822558
30,FILUSDT,APEUSDT,0.8137415773525716,0.0721084383731213,0.014129646578975072,2,12.164784594750177,1.0,-5.93550618795427,0.25224345505656826,2,9.333727872081719,0.5,-9.066786350014029
8,HBARUSDT,SNXUSDT,0.005924266704330572,0.0015842322429646509,0.0018386600203141308,1,6.301168783210568,1.0,-9.717284732124858,-0.985579881504508,1,-0.9100438964942852,0.0,-19.91688825840204
