,sym_1,sym_2,hedge_ratio,std,p_value,trade_oppotunities_performance,cumulative_returns_performance,win_rate_performance,peak_loss_performace,recent_z_score,examine_trade_oppotunities,examine_returns,examine_win_rate,examine_peak_loss
11,HBARUSDT,GALAUSDT,0.8011408582910271,0.0015111334610966962,0.013837199295808301,1,161.70115026648392,1.0,-50.736467420725425,-1.8212297676928972,0,0.0,0.0,0.0
29,AVAXUSDT,INJUSDT,0.6721886670305784,0.14832816353083692,0.02242595204259689,1,33.55297143613711,1.0,-20.188475561374766,-0.9960384386138178,0,0.0,0.0,0.0
32,XRPUSDT,APEUSDT,0.27715421625990444,0.0287402177047606,0.0012349106080284731,1,28.637865179046823,1.0,-19.747528774446835,1.1196872070126431,0,0.0,0.0,-33.49468837084798
24,SNXUSDT,APEUSDT,1.3333926897244834,0.10707158102296982,0.01427170490245836,1,14.819910345004171,1.0,-16.903657424204194,-0.7357161823769361,0,0.0,0.0,0.0
