,sym_1,sym_2,hedge_ratio,std,p_value,trade_oppotunities_performance,cumulative_returns_performance,win_rate_performance,peak_loss_performace,recent_z_score,examine_trade_oppotunities,examine_returns,examine_win_rate,examine_peak_loss
7,DOTUSDT,DYDXUSDT,1.442265549812436,0.08432558722859813,0.023500260207647332,2,33.50695305640217,1.0,-2.2839963628049658,1.2935884223848795,2,-12.018824206642675,0.0,-18.09531205136809
9,DYDXUSDT,MATICUSDT,1.0495687871944968,0.047193198019370886,0.006871405634412126,1,226.33358240780888,1.0,-144.33785466964378,-1.2839231963429638,1,8.416442949610037,1.0,-0.6230924992726432
6,AVAXUSDT,INJUSDT,0.8497443949891206,0.26250480704569523,0.02803106506441205,1,4.302907239800849,1.0,-1.9964502827335568,1.2004647232931132,1,17.12812877235546,1.0,-33.111592940588665
