,sym_1,sym_2,hedge_ratio,std,p_value,trade_oppotunities_performance,cumulative_returns_performance,win_rate_performance,peak_loss_performace,recent_z_score,examine_trade_oppotunities,examine_returns,examine_win_rate,examine_peak_loss
5,ETHUSDT,SOLUSDT,18.198835375752132,7.976614854071323,0.0037473321041665802,2,20.007210289914347,1.0,-2.3409338613457105,-0.8028128810307275,2,2.0586750127249918,1.0,-2.4789584525079755
1,LINAUSDT,MTLUSDT,0.009427741872227287,0.00022289604502392525,0.005966917457767424,1,7.404036520533322,1.0,-1.7443521729166005,1.0193265174090331,2,13.548186009534355,1.0,-16.190797602635556
