,sym_1,sym_2,hedge_ratio,std,p_value,trade_oppotunities_performance,cumulative_returns_performance,win_rate_performance,peak_loss_performace,recent_z_score,examine_trade_oppotunities,examine_returns,examine_win_rate,examine_peak_loss
9,COMPUSDT,SOLUSDT,2.543646538740778,3.6710578043951303,0.017226228386269495,1,73.68240730698527,1.0,-115.73644043957042,-1.4018387097055858,0,0.0,0.0,-29.984111794168225
16,DYDXUSDT,INJUSDT,0.05572997286477804,0.06700678011394377,0.007495265020388554,1,19.492172401936553,1.0,-63.09656282601504,-0.898722993242151,1,-12.668306545578922,0.0,-28.153951965902174
19,LDOUSDT,INJUSDT,0.1601202387822484,0.09904510985659043,0.020255925105541854,1,45.96408173653805,1.0,-17.540297686557615,-0.6893048508776883,1,-16.331017130942065,0.0,-16.011017130942065
17,DYDXUSDT,EOSUSDT,2.5450740976029924,0.058279388980123484,0.011352931254530857,1,37.229968438563105,1.0,-12.107063696736473,-0.3855238366403524,0,0.0,0.0,0.0
