,sym_1,sym_2,hedge_ratio,std,p_value,trade_oppotunities_performance,cumulative_returns_performance,win_rate_performance,peak_loss_performace,recent_z_score,examine_trade_oppotunities,examine_returns,examine_win_rate,examine_peak_loss
21,DYDXUSDT,INJUSDT,0.05572997286477804,0.06700678011394377,0.007495265020388554,1,6.61659963636741,1.0,-90.19650693771652,-0.898722993242151,1,-12.908382697728394,0.0,-26.361104626969063
15,COMPUSDT,SOLUSDT,2.543646538740778,3.6710578043951303,0.017226228386269495,1,217.46951277786013,1.0,-22.680059054479283,-1.4018387097055858,0,0.0,0.0,-10.146872293297722
16,AVAXUSDT,INJUSDT,0.8497443949891206,0.3309964026514323,0.02803106506441205,1,33.24183399271523,1.0,-7.35621359073775,-1.0094457920117692,1,-14.584546483762665,0.0,-15.279538322614858
