,sym_1,sym_2,hedge_ratio,std,p_value,trade_oppotunities_performance,cumulative_returns_performance,win_rate_performance,peak_loss_performace,recent_z_score,examine_trade_oppotunities,examine_returns,examine_win_rate,examine_peak_loss
10,COMPUSDT,SOLUSDT,2.543646538740778,3.307199422900712,0.017226228386269495,1,95.71393712798628,1.0,-68.77989634839403,-0.9006612695557394,1,25.031852903238576,1.0,-2.0971974924301833
18,ETCUSDT,MTLUSDT,6.408339457541632,0.21356099480483043,0.013966143618921265,1,52.2364380586773,1.0,-36.30307689356708,-1.9147579406776765,0,0.0,0.0,-23.845330589044885
12,AVAXUSDT,INJUSDT,0.8497443949891206,0.3313495781407139,0.02803106506441205,1,17.873442660359842,1.0,-35.11456820603444,-0.33805888183778354,1,23.969964426618876,1.0,-3.3218603601712275
16,DYDXUSDT,INJUSDT,0.05572997286477804,0.04551562815515645,0.007495265020388554,1,54.083513991826784,1.0,-23.514494017994448,-0.5127978043637378,0,0.0,0.0,0.0
