,sym_1,sym_2,hedge_ratio,std,p_value,trade_oppotunities_performance,cumulative_returns_performance,win_rate_performance,peak_loss_performace,recent_z_score,examine_trade_oppotunities,examine_returns,examine_win_rate,examine_peak_loss
5,BNBUSDT,UNIUSDT,2.8709410513814353,3.0170514435072473,0.013158562610651035,3,28.187004957901774,0.6666666666666666,-4.838332423302185,1.288100268457113,4,46.05481193915904,0.75,-12.313390712322482
4,BNBUSDT,SUSHIUSDT,30.79836994216889,2.9078720481372584,0.00731073484281264,4,27.434492098369983,0.75,-9.93202909718543,1.3159875137973998,4,41.07082562784652,0.25,-17.063554178419494
1,BNBUSDT,XRPUSDT,22.03126033361231,2.9620824375963815,0.009923908277784596,3,-10.107824405447705,0.3333333333333333,-17.73338235165397,1.296333503841691,3,18.1557823504533,1.0,-6.464940004023226
8,ETCUSDT,MTLUSDT,6.408339457541632,0.15762326215679787,0.013966143618921265,3,2.7047041984804743,0.6666666666666666,-30.52997130729473,-1.7801265973008789,3,15.89152490400073,0.6666666666666666,-22.92675768688252
7,AVAXUSDT,INJUSDT,0.8497443949891206,0.26250480704569523,0.02803106506441205,3,-9.05788970433466,0.6666666666666666,-25.884004907448794,1.2004647232931132,1,12.197915004517412,1.0,-55.92731611241438
6,AVAXUSDT,XRPUSDT,9.26241475154041,0.4837502402075838,0.004451298654111587,2,-36.65668387207353,0.5,-45.73815430727569,-0.06908144498395793,4,5.577716207337498,0.75,-9.286946777006804
3,BNBUSDT,OPUSDT,5.727582363084478,3.0372509868226247,0.024704823081253616,2,33.401916941045556,1.0,-9.149576212676237,1.2850083317983703,4,-1.657893448618915,0.25,-7.84850552625363
0,MASKUSDT,GALAUSDT,70.6157984968639,0.07545972824922066,0.024242427134112152,4,6.577298583654625,0.5,-3.288613331119395,-0.7404158207053076,2,-10.178739913739385,0.5,-17.06115077864216
2,BNBUSDT,DYDXUSDT,14.389761594412805,2.943210366310728,0.02963303066066729,3,-7.099278061165582,0.6666666666666666,-12.216579088266595,1.449194396030331,2,-41.390839440549115,0.0,-45.651437868601874
