,sym_1,sym_2,hedge_ratio,std,p_value,trade_oppotunities_performance,cumulative_returns_performance,win_rate_performance,peak_loss_performace,recent_z_score,examine_trade_oppotunities,examine_returns,examine_win_rate,examine_peak_loss
10,COMPUSDT,SOLUSDT,2.543646538740778,3.307199422900712,0.017226228386269495,1,115.22916098960042,1.0,-108.2217693834381,-0.9006612695557394,2,-0.991701922270126,0.5,-21.70454491550919
11,AVAXUSDT,XRPUSDT,9.26241475154041,0.5373445984892868,0.004451298654111587,1,0.9641285837378131,1.0,-50.88154796653054,-0.9034744412879694,2,-9.068530453324419,0.5,-13.137613582659675
15,DYDXUSDT,APEUSDT,0.4046106004310736,0.04417016510584235,0.013490028000760268,1,6.402414871701,1.0,-43.55394158628092,-0.17538559584314117,2,-12.826558878492666,0.0,-12.595142527992547
12,AVAXUSDT,INJUSDT,0.8497443949891206,0.3313495781407139,0.02803106506441205,1,15.595253544880713,1.0,-38.12701498923771,-0.33805888183778354,2,7.335198298535939,0.5,-18.079874970684642
