,sym_1,sym_2,hedge_ratio,std,p_value,trade_oppotunities_performance,cumulative_returns_performance,win_rate_performance,peak_loss_performace,recent_z_score,examine_trade_oppotunities,examine_returns,examine_win_rate,examine_peak_loss
3,BNBUSDT,OPUSDT,5.727582363084478,3.0372509868226247,0.024704823081253616,2,33.92217104817878,1.0,-7.462780660016014,1.2850083317983703,4,-21.49745341672715,0.0,-7.84850552625363
6,ETHUSDT,SOLUSDT,18.198835375752132,7.976614854071323,0.0037473321041665802,2,20.35133592036864,1.0,-2.110447591319544,-0.8028128810307275,2,1.780160144481307,1.0,-3.7657136026480145
