,sym_1,sym_2,hedge_ratio,std,p_value,trade_oppotunities_performance,cumulative_returns_performance,win_rate_performance,peak_loss_performace,recent_z_score,examine_trade_oppotunities,examine_returns,examine_win_rate,examine_peak_loss
21,DYDXUSDT,INJUSDT,0.05572997286477804,0.10066540138842887,0.007495265020388554,1,16.29067734243644,1.0,-3.6999931277711315,-0.7553065737511284,0,0.0,0.0,0.0
4,MASKUSDT,GALAUSDT,70.6157984968639,0.11000265863513523,0.024242427134112152,1,15.414918821534517,1.0,-3.3431045817843357,-1.0200051934505279,0,0.0,0.0,-19.489397923784658
