,sym_1,sym_2,hedge_ratio,std,p_value,trade_oppotunities_performance,cumulative_returns_performance,win_rate_performance,peak_loss_performace,recent_z_score,examine_trade_oppotunities,examine_returns,examine_win_rate,examine_peak_loss
7,BNBUSDT,XRPUSDT,22.03126033361231,4.833770464048162,0.009923908277784596,1,14.143690741021556,1.0,-18.308969382024966,2.4426195722672444,1,39.46146216560593,1.0,-33.20339975874829
10,ETHUSDT,SOLUSDT,18.198835375752132,24.883028779579043,0.0037473321041665802,1,2.5674559164791084,1.0,-17.92267699247067,-1.5859118638778786,0,0.0,0.0,0.0
11,AVAXUSDT,INJUSDT,0.8497443949891206,0.3204178527895565,0.02803106506441205,1,31.930796539945565,1.0,-16.247270238659663,-1.150072285816604,1,-36.71386335237854,0.0,-53.23783415248571
