,sym_1,sym_2,hedge_ratio,std,p_value,trade_oppotunities_performance,cumulative_returns_performance,win_rate_performance,peak_loss_performace,recent_z_score,examine_trade_oppotunities,examine_returns,examine_win_rate,examine_peak_loss
17,AVAXUSDT,INJUSDT,0.8497443949891206,0.3210696743708669,0.02803106506441205,1,46.56671964866,1.0,-15.629102501076455,-1.4032785352476094,0,0.0,0.0,-56.93631724733761
15,ETHUSDT,SOLUSDT,18.198835375752132,26.773457979900744,0.0037473321041665802,1,20.80246171783914,1.0,-3.8327057646468665,-1.5778905994177428,0,0.0,0.0,-1.8420138251714597
8,BNBUSDT,XRPUSDT,22.03126033361231,4.823484461329399,0.009923908277784596,1,0.7802625864439008,1.0,-3.750987617927977,1.9925935862244388,0,0.0,0.0,-30.633718914058214
