,sym_1,sym_2,hedge_ratio,std,p_value,trade_oppotunities_performance,cumulative_returns_performance,win_rate_performance,peak_loss_performace,recent_z_score,examine_trade_oppotunities,examine_returns,examine_win_rate,examine_peak_loss
8,XRPUSDT,DYDXUSDT,0.9611165758330023,0.05093546330622222,0.0008576168465990067,2,33.93402943743652,1.0,-0.5415201426513303,0.8141773699412675,0,0.0,0.0,-57.76652717488042
0,LTCUSDT,BCHUSDT,0.1818300222838703,2.499962334010009,0.01705317302113677,1,21.75151623348338,1.0,-35.21915476820034,-1.2235187224212287,0,0.0,0.0,-23.385369122835268
7,FTMUSDT,ETCUSDT,0.035121536340372315,0.010407746574314458,0.02013969471802328,1,54.35660034967149,1.0,-0.19428849774513357,1.075786850582164,0,0.0,0.0,0.0
