,sym_1,sym_2,hedge_ratio,std,p_value,trade_oppotunities_performance,cumulative_returns_performance,win_rate_performance,peak_loss_performace,recent_z_score,examine_trade_oppotunities,examine_returns,examine_win_rate,examine_peak_loss
10,AVAXUSDT,LDOUSDT,3.8851930231378558,0.3366493343543735,0.0017149878090462606,1,4.030278449044491,1.0,-7.533609539119204,-1.3193781127794204,1,9.441842887846477,1.0,-1.603557783908124
9,FTMUSDT,ETCUSDT,0.035121536340372315,0.008555142612278759,0.02013969471802328,1,69.77214492339972,1.0,-0.42496379245966365,1.705668601278753,0,0.0,0.0,-17.055751446916556
0,LINKUSDT,XLMUSDT,26.574141261404883,0.24242554046274048,0.000725897317495689,1,10.519201398922448,1.0,0.0,0.6692664708650332,0,0.0,0.0,-20.904736125572857
