,sym_1,sym_2,hedge_ratio,std,p_value,trade_oppotunities_performance,cumulative_returns_performance,win_rate_performance,peak_loss_performace,recent_z_score,examine_trade_oppotunities,examine_returns,examine_win_rate,examine_peak_loss
8,FTMUSDT,ETCUSDT,0.035121536340372315,0.009984450372947267,0.02013969471802328,1,60.34947153606895,1.0,-52.45143046006818,1.3628112073937164,0,0.0,0.0,-5.509329808317627
9,XRPUSDT,DYDXUSDT,0.9611165758330023,0.047175230955058725,0.0008576168465990067,1,10.810881923421217,1.0,-31.029631432369257,0.6779338333501815,0,0.0,0.0,-6.943273299894334
6,ETHUSDT,INJUSDT,43.5480500266548,24.445312439572618,0.02791574423534646,1,11.314974427715788,1.0,-15.060733601969261,-1.6360526368524553,1,-8.446756226410756,0.0,-8.126756226410755
