,sym_1,sym_2,hedge_ratio,std,p_value,trade_oppotunities_performance,cumulative_returns_performance,win_rate_performance,peak_loss_performace,recent_z_score,examine_trade_oppotunities,examine_returns,examine_win_rate,examine_peak_loss
7,XRPUSDT,DYDXUSDT,0.9611165758330023,0.047175230955058725,0.0008576168465990067,3,33.24778704599424,1.0,-37.85896294878228,0.6779338333501815,1,26.99249427294122,1.0,-31.62267947152112
4,ETHUSDT,INJUSDT,43.5480500266548,24.445312439572618,0.02791574423534646,1,11.314974427715788,1.0,-15.816391403668945,-1.6360526368524553,1,-20.891384948319118,0.0,-20.091384948319117
6,FTMUSDT,ETCUSDT,0.035121536340372315,0.009984450372947267,0.02013969471802328,1,63.431513366764094,1.0,-0.13159316464997686,1.3628112073937164,1,8.598204241848311,1.0,-10.307134943360193
