,sym_1,sym_2,hedge_ratio,std,p_value,trade_oppotunities_performance,cumulative_returns_performance,win_rate_performance,peak_loss_performace,recent_z_score,examine_trade_oppotunities,examine_returns,examine_win_rate,examine_peak_loss
4,SNXUSDT,DYDXUSDT,2.7196988042617765,0.14145879251465693,0.011953885407313871,1,-82.22984721597581,0.0,-81.42984721597581,-0.07612170813486753,3,78.91974760396737,1.0,-1.5247759390712328
1,MASKUSDT,EOSUSDT,5.866331980055034,0.08333982633338659,0.013271260427075524,2,-14.88501424927934,0.0,-12.698999676309345,0.0934481157438883,1,27.440569736710263,1.0,-3.16239320287138
5,ETHUSDT,AVAXUSDT,46.49162578448991,22.096234120036723,0.006304591758827797,2,19.549207969651533,1.0,-1.6771554898788847,-1.7331520606327004,1,17.47062302934082,1.0,-0.4362880538440741
0,LTCUSDT,BCHUSDT,0.1818300222838703,1.6959554056388961,0.01705317302113677,2,4.302559159505893,0.5,-21.36078910753886,-1.2310433274148507,1,8.679736306687198,1.0,-23.82382356562917
2,LINAUSDT,QTUMUSDT,0.005056750668385131,0.0003518116412090132,0.002606363081717307,2,-16.05679384932,0.0,-23.12796694502564,-2.2356240610002116,1,6.50868146728912,1.0,-29.723734991908763
6,FTMUSDT,ETCUSDT,0.035121536340372315,0.008555142612278759,0.02013969471802328,1,69.77214492339972,1.0,-0.32512762565976655,1.705668601278753,0,0.0,0.0,0.0
3,SNXUSDT,XRPUSDT,2.4958476290069687,0.1665124327645873,0.020551928585345162,1,-41.92197532296021,0.0,-74.23916650305343,-1.0007898418930128,2,-7.352849990287836,0.5,-35.31969858901189
