,sym_1,sym_2,hedge_ratio,std,p_value,trade_oppotunities_performance,cumulative_returns_performance,win_rate_performance,peak_loss_performace,recent_z_score,examine_trade_oppotunities,examine_returns,examine_win_rate,examine_peak_loss
10,XRPUSDT,DYDXUSDT,0.9611165758330023,0.044856663346874756,0.0008576168465990067,2,64.7681695652532,1.0,-37.63920823582505,1.1557290826892743,1,7.455738175279646,1.0,-20.239555964580838
6,SNXUSDT,XLMUSDT,12.452619072108478,0.15720328059135594,0.023743554704132922,2,68.78380279280965,1.0,-25.262231953698254,-0.2570979710761486,1,4.61245595420671,1.0,-141.06369613204288
3,CELOUSDT,AVAXUSDT,0.017859829638808215,0.01690874802274687,0.02688980452119826,1,57.2963653766662,1.0,-122.38563405061024,-1.1860317161358438,0,0.0,0.0,-131.12693187072261
