,sym_1,sym_2,hedge_ratio,std,p_value,trade_oppotunities_performance,cumulative_returns_performance,win_rate_performance,peak_loss_performace,recent_z_score,examine_trade_oppotunities,examine_returns,examine_win_rate,examine_peak_loss
7,ETHUSDT,AVAXUSDT,46.49162578448991,32.12460406546742,0.006304591758827797,2,6.755019395721698,1.0,-1.4940551394440396,-2.613092968201209,0,0.0,0.0,0.0
2,MASKUSDT,EOSUSDT,5.866331980055034,0.08021666986542357,0.013271260427075524,1,123.99561627499493,1.0,-19.138330712756083,-0.7356505047654966,0,0.0,0.0,-6.407136247751048
