,sym_1,sym_2,hedge_ratio,std,p_value,trade_oppotunities_performance,cumulative_returns_performance,win_rate_performance,peak_loss_performace,recent_z_score,examine_trade_oppotunities,examine_returns,examine_win_rate,examine_peak_loss
5,SNXUSDT,DYDXUSDT,2.7196988042617765,0.14511965406022764,0.011953885407313871,2,-49.46579914992079,0.5,-70.76822963604273,-0.622417417647912,1,30.104684601510538,1.0,-6.787899477279887
6,ETHUSDT,AAVEUSDT,8.099313070152824,20.409322060776365,0.0022160762044148813,0,0.0,0.0,-10.998674852139015,1.1099035739541214,1,27.532081582008402,1.0,0.0
2,MASKUSDT,EOSUSDT,5.866331980055034,0.0816835086741808,0.013271260427075524,0,0.0,0.0,-13.814473177054365,-0.3235104954936035,1,11.206397713030178,1.0,-1.347605305239262
0,LTCUSDT,BCHUSDT,0.1818300222838703,2.499962334010009,0.01705317302113677,1,21.75151623348338,1.0,-35.21915476820034,-1.2235187224212287,0,0.0,0.0,-23.385369122835268
1,NEARUSDT,SUSHIUSDT,1.5975589852117045,0.037275187199397423,0.02068379864913167,0,0.0,0.0,-8.503841964754262,0.28579661505414355,0,0.0,0.0,-2.231473856613848
3,LINAUSDT,QTUMUSDT,0.005056750668385131,0.00035595156069974154,0.002606363081717307,0,0.0,0.0,-57.09913019894699,-1.6396028381378434,0,0.0,0.0,0.0
4,LINAUSDT,ETCUSDT,0.0011566735181400057,0.00040492726202029144,0.014617705411403224,1,-4.728556215071817,0.0,-30.465145732623114,2.35137383486778,0,0.0,0.0,-86.30086794046346
7,FTMUSDT,ETCUSDT,0.035121536340372315,0.010407746574314458,0.02013969471802328,1,54.35660034967149,1.0,-0.19428849774513357,1.075786850582164,0,0.0,0.0,0.0
8,XRPUSDT,DYDXUSDT,0.9611165758330023,0.05093546330622222,0.0008576168465990067,2,33.93402943743652,1.0,-0.5415201426513303,0.8141773699412675,0,0.0,0.0,-57.76652717488042
