,sym_1,sym_2,hedge_ratio,std,p_value,trade_oppotunities_performance,cumulative_returns_performance,win_rate_performance,peak_loss_performace,recent_z_score,examine_trade_oppotunities,examine_returns,examine_win_rate,examine_peak_loss
3,SNXUSDT,XRPUSDT,2.4958476290069687,0.16195612763050607,0.020551928585345162,0,0.0,0.0,-37.56667471789133,-1.9317641993040393,1,40.87167898583382,1.0,-26.649962127452376
4,ETHUSDT,AVAXUSDT,46.49162578448991,32.12460406546742,0.006304591758827797,3,17.39923605384902,1.0,-1.4940551394440396,-2.613092968201209,1,16.44843296335122,1.0,-0.5357387175570372
7,XRPUSDT,DYDXUSDT,0.9611165758330023,0.07258759426283248,0.0008576168465990067,0,0.0,0.0,-0.22558265287102847,0.5959005438469224,1,7.550182928070298,1.0,-31.384766611929926
0,NEARUSDT,SUSHIUSDT,1.5975589852117045,0.03673121702441273,0.02068379864913167,0,0.0,0.0,-11.37215990014094,-0.08256534622735898,0,0.0,0.0,-31.875403677650546
1,MASKUSDT,EOSUSDT,5.866331980055034,0.08021666986542357,0.013271260427075524,1,153.7550094743338,1.0,-30.388116813889372,-0.7356505047654966,0,0.0,0.0,-1.791173572763121
2,LINAUSDT,ETCUSDT,0.0011566735181400057,0.0004454670779015323,0.014617705411403224,0,0.0,0.0,-35.0075594078084,2.542654215909929,0,0.0,0.0,-57.922557444338516
5,ETHUSDT,AAVEUSDT,8.099313070152824,26.894325130593696,0.0022160762044148813,0,0.0,0.0,-10.588145266586215,1.5085878892288969,0,0.0,0.0,-34.8104128096759
6,FTMUSDT,ETCUSDT,0.035121536340372315,0.010356179863045293,0.02013969471802328,0,0.0,0.0,0.0,0.5841453250189991,0,0.0,0.0,-38.88994205144448
