,sym_1,sym_2,hedge_ratio,std,p_value,trade_oppotunities_performance,cumulative_returns_performance,win_rate_performance,peak_loss_performace,recent_z_score,examine_trade_oppotunities,examine_returns,examine_win_rate,examine_peak_loss
5,SNXUSDT,DYDXUSDT,2.7196988042617765,0.14145879251465693,0.011953885407313871,1,-78.28252470383286,0.0,-77.48252470383287,-0.07612170813486753,2,34.50330429036246,1.0,-3.9820342531326753
1,MASKUSDT,EOSUSDT,5.866331980055034,0.08333982633338659,0.013271260427075524,2,-12.07893807944847,0.0,-10.304452707349403,0.0934481157438883,1,27.440569736710263,1.0,-3.16239320287138
3,LINAUSDT,ETCUSDT,0.0011566735181400057,0.00037385792693172745,0.014617705411403224,1,-6.097542990913709,0.0,-35.17622215017842,1.9818052670018864,2,14.366260940727523,0.5,-54.14762497307519
0,LTCUSDT,BCHUSDT,0.1818300222838703,1.6959554056388961,0.01705317302113677,1,-16.438481854292274,0.0,-19.851674605397623,-1.2310433274148507,1,8.561572093634698,1.0,-17.48257769899306
2,LINAUSDT,QTUMUSDT,0.005056750668385131,0.0003518116412090132,0.002606363081717307,2,-7.692745415730874,0.0,-8.322779428651582,-2.2356240610002116,1,6.50868146728912,1.0,-28.253448877963436
4,SNXUSDT,XRPUSDT,2.4958476290069687,0.1665124327645873,0.020551928585345162,1,-41.92197532296021,0.0,-69.07373265967861,-1.0007898418930128,2,3.25283111581315,0.5,-35.31969858901189
6,FTMUSDT,ETCUSDT,0.035121536340372315,0.008555142612278759,0.02013969471802328,1,69.77214492339972,1.0,-0.32512762565976655,1.705668601278753,0,0.0,0.0,-19.40286028789199
