,sym_1,sym_2,hedge_ratio,std,p_value,trade_oppotunities_performance,cumulative_returns_performance,win_rate_performance,peak_loss_performace,recent_z_score,examine_trade_oppotunities,examine_returns,examine_win_rate,examine_peak_loss
8,XRPUSDT,DYDXUSDT,0.9611165758330023,0.08689015600266942,0.0008576168465990067,0,0.0,0.0,-0.8769241366217932,0.699361672414249,1,38.5694806759739,1.0,-29.846443511465917
0,LTCUSDT,BCHUSDT,0.1818300222838703,3.4340473132563782,0.01705317302113677,1,18.68001583864068,1.0,-0.16619499118976563,-0.7813813512867686,1,31.632080846711215,1.0,-17.528468478124303
5,ETHUSDT,AVAXUSDT,46.49162578448991,33.66539880751959,0.006304591758827797,2,11.233536868849205,0.5,-4.688134098532146,-1.8230437991262407,1,12.402430838709247,1.0,-0.3599112147987602
1,NEARUSDT,SUSHIUSDT,1.5975589852117045,0.037055037318458314,0.02068379864913167,0,0.0,0.0,-4.815528252817586,0.1009012264694235,0,0.0,0.0,-24.99828309847902
3,LINAUSDT,QTUMUSDT,0.005056750668385131,0.0004677384292619492,0.002606363081717307,0,0.0,0.0,-38.65428266735783,-1.0290302173758894,0,0.0,0.0,-48.98339175262413
4,LINAUSDT,ETCUSDT,0.0011566735181400057,0.0006031446411611572,0.014617705411403224,0,0.0,0.0,-58.83679697140444,2.9629581525785644,0,0.0,0.0,-36.3869308024113
6,ETHUSDT,AAVEUSDT,8.099313070152824,30.61560151223003,0.0022160762044148813,0,0.0,0.0,-20.617741815664974,1.7390707835496537,0,0.0,0.0,-34.64213882920071
7,FTMUSDT,ETCUSDT,0.035121536340372315,0.013209310746530338,0.02013969471802328,0,0.0,0.0,0.0,0.2724950804116479,0,0.0,0.0,-48.26152622261361
2,MASKUSDT,EOSUSDT,5.866331980055034,0.09226856694891535,0.013271260427075524,0,0.0,0.0,-0.38464281947122514,-0.8845839546639926,1,-2.2220175094076016,0.0,-7.512409439135306
