,sym_1,sym_2,hedge_ratio,std,p_value,trade_oppotunities_performance,cumulative_returns_performance,win_rate_performance,peak_loss_performace,recent_z_score,examine_trade_oppotunities,examine_returns,examine_win_rate,examine_peak_loss
1,FTMUSDT,ETCUSDT,0.035121536340372315,0.008136826777391132,0.02013969471802328,3,22.737551204309533,1.0,-5.9947315025733126,1.1679399440390925,4,-43.806803107168264,0.25,-39.185129906225
0,MASKUSDT,EOSUSDT,5.866331980055034,0.08411950674253936,0.013271260427075524,2,12.76580724251262,1.0,-4.833950345756029,-1.2460921225538704,2,21.26533314688268,1.0,-5.09586997502605
