,sym_1,sym_2,hedge_ratio,std,p_value,trade_oppotunities_performance,cumulative_returns_performance,win_rate_performance,peak_loss_performace,recent_z_score,examine_trade_oppotunities,examine_returns,examine_win_rate,examine_peak_loss
6,HBARUSDT,ETCUSDT,0.003269685577117734,0.001186352314005535,0.028823407962568215,1,0.7131770402052593,1.0,-45.21266297197932,3.119841140106933,0,0.0,0.0,-86.64047226512899
3,MASKUSDT,LDOUSDT,1.932959808377328,0.0886026373529707,0.018230559872519283,1,0.2925345007288188,1.0,-23.21659511930146,1.617692306310935,2,13.312916848602672,0.5,-15.53562197814856
10,XRPUSDT,INJUSDT,0.05849740984080549,0.01028031325892825,0.012449555687039555,1,1.6581342904684893,1.0,-4.262547579130613,-1.067677534231381,1,30.481570664073633,1.0,-0.8826949873436255
