,sym_1,sym_2,hedge_ratio,std,p_value,trade_oppotunities_performance,cumulative_returns_performance,win_rate_performance,peak_loss_performace,recent_z_score,examine_trade_oppotunities,examine_returns,examine_win_rate,examine_peak_loss
7,SNXUSDT,KNCUSDT,4.052703260631095,0.044233625753201104,0.023610452972222744,2,32.32856814931945,1.0,-38.08187240926496,-3.636978717763604,1,28.34215706035473,1.0,-13.051340475161908
12,DOGEUSDT,SOLUSDT,0.0016608008820789874,0.0009856948837708842,0.025364972287401068,2,8.980285804330878,1.0,-4.533720568933478,-1.4744907817148287,1,10.684183649988174,1.0,-15.175160919697642
1,APTUSDT,XLMUSDT,15.988422890986529,0.04716814505729437,0.025183244326068402,1,1.0198249836224533,1.0,-9.550277061746419,-0.6763346033269803,0,0.0,0.0,-9.590894787523585
