,sym_1,sym_2,hedge_ratio,std,p_value,trade_oppotunities_performance,cumulative_returns_performance,win_rate_performance,peak_loss_performace,recent_z_score,examine_trade_oppotunities,examine_returns,examine_win_rate,examine_peak_loss
20,SNXUSDT,APEUSDT,2.136845447739256,0.05202592690256347,0.016147418026400094,1,2.4950676276239934,1.0,-81.7948497168759,3.256491598112163,1,1.3715411496701913,1.0,-2.863105385969814
19,SNXUSDT,XRPUSDT,15.780104174056799,0.08238839156700217,0.010266350981898497,1,0.23199159584061202,1.0,-6.33143566850458,2.565542023233489,0,0.0,0.0,0.0
44,EOSUSDT,ADAUSDT,1.8737270678800444,0.0037305733276780046,0.016495748051430423,1,5.5098565195390865,1.0,-3.9323611499096387,-0.4165147956061783,2,11.877365446899823,1.0,-5.130398447225999
33,AVAXUSDT,AAVEUSDT,0.053042766727731464,0.06309300179543245,0.016181422197300344,1,12.426129453786276,1.0,-2.2711945635301536,0.4006112744173086,1,22.31319654768627,1.0,-6.215590232729358
