,sym_1,sym_2,hedge_ratio,std,p_value,trade_oppotunities_performance,cumulative_returns_performance,win_rate_performance,peak_loss_performace,recent_z_score,examine_trade_oppotunities,examine_returns,examine_win_rate,examine_peak_loss
8,SNXUSDT,KNCUSDT,4.052703260631095,0.044233625753201104,0.023610452972222744,1,10.62266247064827,1.0,-16.901227589210993,-3.636978717763604,0,0.0,0.0,-11.45379022880522
1,APTUSDT,XLMUSDT,15.988422890986529,0.04716814505729437,0.025183244326068402,1,0.35883037760052494,1.0,-2.3449988451294788,-0.6763346033269803,0,0.0,0.0,-5.466787282230596
13,AVAXUSDT,AAVEUSDT,0.05385112541120232,0.04339531018288724,0.0001026607437400684,1,12.426129453786276,1.0,-2.2711945635301536,0.4355248363251193,1,22.31319654768627,1.0,-6.215590232729358
