,sym_1,sym_2,hedge_ratio,std,p_value,trade_oppotunities_performance,cumulative_returns_performance,win_rate_performance,peak_loss_performace,recent_z_score,examine_trade_oppotunities,examine_returns,examine_win_rate,examine_peak_loss
6,APTUSDT,OGNUSDT,5.973883007242607,0.13781557488453325,0.005183498088183881,1,7.201246422088299,1.0,-6.052558172817357,-0.9352285805921845,0,0.0,0.0,-1.0149939193701842
0,LTCUSDT,TOMOUSDT,17.760386465841474,1.488943059089633,0.0241321337329894,1,0.8036821219802188,1.0,-3.0695345051897247,0.061497223375158144,2,-15.625445332816376,0.5,-54.57003277640848
18,XRPUSDT,SOLUSDT,0.009866012518374337,0.008894137562925248,0.006960200275466523,1,8.35524331923781,1.0,-2.8247977243033437,-0.013884787804475206,0,0.0,0.0,-19.895445983401018
