,sym_1,sym_2,hedge_ratio,std,p_value,trade_oppotunities_performance,cumulative_returns_performance,win_rate_performance,peak_loss_performace,recent_z_score,examine_trade_oppotunities,examine_returns,examine_win_rate,examine_peak_loss
3,APTUSDT,XLMUSDT,7.7923573204495185,0.04698575054530165,0.00024558448239006076,4,4.512408669445662,0.75,-4.906930308673817,-0.9667232663366196,4,16.533598226198354,1.0,-7.681281952649151
2,APTUSDT,ETHUSDT,0.004497543604614165,0.03755087134295658,0.0020175579566630436,2,11.263976831634956,1.0,-1.7280121849520569,-0.520707361798784,1,0.48582614370528465,1.0,-4.3851665964516755
5,APTUSDT,XRPUSDT,5.394786679591425,0.04716224007604482,0.01426212190476223,1,6.71483970018647,1.0,-5.03977110104401,-1.2153608025309104,1,0.8206515196982591,1.0,-6.032203889526036
