,sym_1,sym_2,hedge_ratio,std,p_value,trade_oppotunities_performance,cumulative_returns_performance,win_rate_performance,peak_loss_performace,recent_z_score,examine_trade_oppotunities,examine_returns,examine_win_rate,examine_peak_loss
0,LTCUSDT,TOMOUSDT,17.760386465841474,1.659958737540855,0.0241321337329894,1,44.98519778690751,1.0,-0.9967647907616124,0.024224014509782933,1,29.160801581144234,1.0,-45.582472665082506
18,DOTUSDT,SOLUSDT,0.05974957368592866,0.06930798569049329,0.02855948460616511,1,9.521179782214588,1.0,0.0,0.6623150473547724,0,0.0,0.0,-1.533081177417873
