,sym_1,sym_2,hedge_ratio,std,p_value,trade_oppotunities_performance,cumulative_returns_performance,win_rate_performance,peak_loss_performace,recent_z_score,examine_trade_oppotunities,examine_returns,examine_win_rate,examine_peak_loss
6,MASKUSDT,XLMUSDT,8.387726187383938,0.06712554094273514,0.00037345774752120786,1,18.163416943519305,1.0,-5.668416618243157,2.0457114507798413,1,14.013954144276335,1.0,-8.485232256503233
7,MASKUSDT,CRVUSDT,0.5695443106370864,0.03427478367073401,0.005091204788140896,1,4.279173715436033,1.0,-5.640943362675896,1.4248155154181137,1,37.128379118729306,1.0,-29.88760767982892
31,AVAXUSDT,AAVEUSDT,0.053042766727731464,0.07059235667038193,0.016181422197300344,1,4.93901020567088,1.0,-4.145509511397359,0.8279361201960742,0,0.0,0.0,-7.4954249409971325
