,sym_1,sym_2,hedge_ratio,std,p_value,trade_oppotunities_performance,cumulative_returns_performance,win_rate_performance,peak_loss_performace,recent_z_score,examine_trade_oppotunities,examine_returns,examine_win_rate,examine_peak_loss
2,APTUSDT,XLMUSDT,7.7923573204495185,0.04698575054530165,0.00024558448239006076,4,2.2716374607843006,0.75,-3.807809204284279,-0.9667232663366196,4,16.48289202438609,1.0,-5.620545362041708
1,APTUSDT,ETHUSDT,0.004497543604614165,0.03755087134295658,0.0020175579566630436,2,10.62912074014712,1.0,-1.88318070062317,-0.520707361798784,1,-6.213945242624397,0.0,-11.574410017456831
