,sym_1,sym_2,hedge_ratio,std,p_value,trade_oppotunities_performance,cumulative_returns_performance,win_rate_performance,peak_loss_performace,recent_z_score,examine_trade_oppotunities,examine_returns,examine_win_rate,examine_peak_loss
1,APTUSDT,ETHUSDT,0.0042746695585407935,0.030623019632841034,0.020931343728317234,2,11.263976831634956,1.0,-1.7280121849520569,-0.5787193202811667,1,0.48582614370528465,1.0,-4.3851665964516755
18,XLMUSDT,CRVUSDT,0.06059774194809442,0.0021596379513496773,0.004669323428407153,2,26.528532729160176,1.0,-1.6659761633508137,-2.0999723356652558,5,-19.862722704450128,0.4,-14.568596223809624
