,sym_1,sym_2,hedge_ratio,std,p_value,trade_oppotunities_performance,cumulative_returns_performance,win_rate_performance,peak_loss_performace,recent_z_score,examine_trade_oppotunities,examine_returns,examine_win_rate,examine_peak_loss
10,MASKUSDT,LDOUSDT,1.2105660689517275,0.05394180206565741,0.0038534595451055796,1,0.2925345007288188,1.0,-23.21659511930146,1.7954379465900676,2,13.312916848602672,0.5,-15.53562197814856
0,APTUSDT,HBARUSDT,63.16028632978912,0.054635577294653806,0.004152645749097346,1,1.960123462596593,1.0,-7.35881627407768,-2.8939384040715255,1,2.520921238455349,1.0,-12.79995647759213
21,EOSUSDT,ADAUSDT,1.574012724544803,0.004199710734199535,0.0020116708543415026,1,5.5098565195390865,1.0,-3.9323611499096387,-0.5803833611302737,2,13.585198017043382,1.0,-6.3161182226892585
9,APTUSDT,ADAUSDT,14.198153654873439,0.05856528817553796,0.006010707722005938,1,2.9505499165492743,1.0,-3.1641073122950125,-1.7469592322406067,0,0.0,0.0,-5.263885821623637
