,sym_1,sym_2,hedge_ratio,std,p_value,trade_oppotunities_performance,cumulative_returns_performance,win_rate_performance,peak_loss_performace,recent_z_score,examine_trade_oppotunities,examine_returns,examine_win_rate,examine_peak_loss
3,APTUSDT,SOLUSDT,0.08068532976928167,0.046014970708196226,0.015883548137052443,2,22.75633587066681,1.0,-4.791294777817614,-0.5238441808231563,0,0.0,0.0,-4.957213286160115
19,SNXUSDT,XRPUSDT,15.780104174056799,0.10872833916550358,0.010266350981898497,1,11.156324039512768,1.0,-28.261649787280348,0.8748495089775412,0,0.0,0.0,-8.303033610617252
0,NEARUSDT,OGNUSDT,1.8171057032873352,0.0182166282966858,0.019267002622083036,1,4.378125661314134,1.0,-14.656169710865903,0.16114100775819398,0,0.0,0.0,-0.8772939670490083
