,sym_1,sym_2,hedge_ratio,std,p_value,trade_oppotunities_performance,cumulative_returns_performance,win_rate_performance,peak_loss_performace,recent_z_score,examine_trade_oppotunities,examine_returns,examine_win_rate,examine_peak_loss
10,MASKUSDT,LDOUSDT,1.2105660689517275,0.05394180206565741,0.0038534595451055796,1,1.041413266447553,1.0,-26.25866317590478,1.7954379465900676,2,13.416284593726909,0.5,-15.24185187147669
0,APTUSDT,HBARUSDT,63.16028632978912,0.054635577294653806,0.004152645749097346,1,9.907318583496613,1.0,-5.241071589315087,-2.8939384040715255,1,2.520921238455349,1.0,-12.79995647759213
22,EOSUSDT,ADAUSDT,1.574012724544803,0.004199710734199535,0.0020116708543415026,1,6.156105466824892,1.0,-3.885161170145526,-0.5803833611302737,2,13.893589284053643,1.0,-4.405417397793167
9,APTUSDT,ADAUSDT,14.198153654873439,0.05856528817553796,0.006010707722005938,1,2.9505499165492743,1.0,-3.1641073122950125,-1.7469592322406067,0,0.0,0.0,-4.880096809149891
