,sym_1,sym_2,hedge_ratio,std,p_value,trade_oppotunities_performance,cumulative_returns_performance,win_rate_performance,peak_loss_performace,recent_z_score,examine_trade_oppotunities,examine_returns,examine_win_rate,examine_peak_loss
10,MASKUSDT,LDOUSDT,1.2105660689517275,0.05394180206565741,0.0038534595451055796,1,1.041413266447553,1.0,-26.25866317590478,1.7954379465900676,2,11.86304214901692,0.5,-16.72972892673371
2,APTUSDT,XLMUSDT,7.7923573204495185,0.06650535517050452,0.00024558448239006076,1,1.0198249836224533,1.0,-9.550277061746419,-1.2454420624662925,0,0.0,0.0,-9.590894787523585
7,APTUSDT,SOLUSDT,0.07105551888850385,0.06509246256489357,0.0006213776276182305,1,7.192096054741642,1.0,-5.524601746042094,-1.4577737319838349,1,-3.768708677078653,0.0,-4.365980978124541
0,APTUSDT,HBARUSDT,63.16028632978912,0.054635577294653806,0.004152645749097346,1,9.907318583496613,1.0,-5.241071589315087,-2.8939384040715255,1,2.520921238455349,1.0,-12.79995647759213
