,sym_1,sym_2,hedge_ratio,std,p_value,trade_oppotunities_performance,cumulative_returns_performance,win_rate_performance,peak_loss_performace,recent_z_score,examine_trade_oppotunities,examine_returns,examine_win_rate,examine_peak_loss
3,MASKUSDT,SNXUSDT,0.2527266854046487,0.04098335668591019,0.005059452032839331,1,9.002691206025561,1.0,-12.240395135502153,0.37607561391432265,0,0.0,0.0,-1.3458184836553215
4,MASKUSDT,XLMUSDT,8.387726187383938,0.06712554094273514,0.00037345774752120786,1,16.252505999232326,1.0,-7.829862669895026,2.0457114507798413,1,15.630807556961667,1.0,-6.409840511737278
5,MASKUSDT,CRVUSDT,0.5695443106370864,0.03427478367073401,0.005091204788140896,1,17.36902435594367,1.0,-5.640943362675896,1.4248155154181137,1,37.128379118729306,1.0,-27.06453490531166
