,sym_1,sym_2,hedge_ratio,std,p_value,trade_oppotunities_performance,cumulative_returns_performance,win_rate_performance,peak_loss_performace,recent_z_score,examine_trade_oppotunities,examine_returns,examine_win_rate,examine_peak_loss
15,XRPUSDT,AAVEUSDT,0.0017549705556005966,0.004043216376186016,0.004484075907246802,1,9.626373969398315,1.0,-5.315164618697074,0.3547763602668914,1,-16.63488975700748,0.0,-36.266108572717854
18,APEUSDT,SOLUSDT,0.1016730963888225,0.017372059265266665,0.0153806056594872,1,2.3024738477009636,1.0,-0.9865115356706675,0.014192210271344858,0,0.0,0.0,-15.211311216546369
14,XRPUSDT,SOLUSDT,0.011592851014357766,0.003779200423793249,0.01367469137851119,1,1.4222238035662043,1.0,-0.9589497153628378,0.020992970984242756,0,0.0,0.0,-19.895445983401018
