,sym_1,sym_2,hedge_ratio,std,p_value,trade_oppotunities_performance,cumulative_returns_performance,win_rate_performance,peak_loss_performace,recent_z_score,examine_trade_oppotunities,examine_returns,examine_win_rate,examine_peak_loss
16,DOTUSDT,DYDXUSDT,1.6753119394308222,0.06646415841758492,0.019231700145292116,1,6.5164841803495674,1.0,-13.385476913714085,0.760343920836052,0,0.0,0.0,-17.29676132010132
1,LTCUSDT,ETCUSDT,5.550691689035824,0.9606663666038174,0.022328226965033997,1,10.72205826244277,1.0,-10.919074390467458,-0.7647461123476863,0,0.0,0.0,-29.25667200914315
7,HBARUSDT,DYDXUSDT,0.016812809841513825,0.0012455565224017346,0.020394356614867364,1,16.019173946065884,1.0,-7.333366048150026,3.1455500764725355,0,0.0,0.0,-88.7537725052946
