,sym_1,sym_2,hedge_ratio,std,p_value,trade_oppotunities_performance,cumulative_returns_performance,win_rate_performance,peak_loss_performace,recent_z_score,examine_trade_oppotunities,examine_returns,examine_win_rate,examine_peak_loss
21,XLMUSDT,CRVUSDT,0.06059774194809442,0.005978353010124909,0.004669323428407153,1,13.50919025187586,1.0,-1.0824531073404855,-0.120343725701654,1,-46.96781577697332,0.0,-46.16781577697332
40,APEUSDT,SOLUSDT,0.10602284029068257,0.06462247102095679,0.0008535286988108824,1,2.1041023309540963,1.0,-0.5452536234463408,0.037247445012918004,0,0.0,0.0,-17.136494376234964
