,sym_1,sym_2,hedge_ratio,std,p_value,trade_oppotunities_performance,cumulative_returns_performance,win_rate_performance,peak_loss_performace,recent_z_score,examine_trade_oppotunities,examine_returns,examine_win_rate,examine_peak_loss
0,LTCUSDT,TOMOUSDT,17.760386465841474,1.659958737540855,0.0241321337329894,1,47.37648002926112,1.0,-0.9967647907616124,0.024224014509782933,1,47.7542430115946,1.0,-53.6436342754512
20,DOTUSDT,SOLUSDT,0.05974957368592866,0.06930798569049329,0.02855948460616511,1,10.95344879264458,1.0,0.0,0.6623150473547724,0,0.0,0.0,-2.812752832549149
8,APTUSDT,SOLUSDT,0.07105551888850385,0.2072364548064904,0.0006213776276182305,1,5.339273824488952,1.0,0.0,-0.5760716403799608,0,0.0,0.0,-6.015630385558495
