,sym_1,sym_2,hedge_ratio,std,p_value,trade_oppotunities_performance,cumulative_returns_performance,win_rate_performance,peak_loss_performace,recent_z_score,examine_trade_oppotunities,examine_returns,examine_win_rate,examine_peak_loss
18,XRPUSDT,AAVEUSDT,0.0019339685315913182,0.009482534832026998,0.000630482845828655,1,9.626373969398315,1.0,-5.315164618697074,0.41646702887224263,1,-16.63488975700748,0.0,-36.266108572717854
17,XRPUSDT,SOLUSDT,0.009866012518374337,0.008894137562925248,0.006960200275466523,1,1.4222238035662043,1.0,-0.9589497153628378,-0.013884787804475206,0,0.0,0.0,-19.895445983401018
