,sym_1,sym_2,hedge_ratio,std,p_value,trade_oppotunities_performance,cumulative_returns_performance,win_rate_performance,peak_loss_performace,recent_z_score,examine_trade_oppotunities,examine_returns,examine_win_rate,examine_peak_loss
19,LDOUSDT,FILUSDT,0.40974272035057174,0.02217129310119895,0.010266876732998432,1,20.056725907163287,1.0,-7.212695444130656,-0.505040410264794,0,0.0,0.0,-10.645905528747605
2,APTUSDT,ETHUSDT,0.004497543604614165,0.10092531687189168,0.0020175579566630436,1,7.088843474581601,1.0,-0.6172927231776126,-1.309779779589643,1,2.039806381941437,1.0,-4.310021073571425
0,LTCUSDT,TOMOUSDT,17.760386465841474,1.3697973787959308,0.0241321337329894,1,42.124366252085366,1.0,-0.5692246782653632,-0.14473102015453393,1,-20.634457071878295,0.0,-188.72405313283952
