,sym_1,sym_2,hedge_ratio,std,p_value,trade_oppotunities_performance,cumulative_returns_performance,win_rate_performance,peak_loss_performace,recent_z_score,examine_trade_oppotunities,examine_returns,examine_win_rate,examine_peak_loss
7,SNXUSDT,KNCUSDT,4.052703260631095,0.044233625753201104,0.023610452972222744,2,29.239828626633546,1.0,-17.19976849221311,-3.636978717763604,1,28.34215706035473,1.0,-13.051340475161908
13,AVAXUSDT,AAVEUSDT,0.05385112541120232,0.04339531018288724,0.0001026607437400684,1,13.05674316588551,1.0,-5.668726177001261,0.4355248363251193,1,24.553100709908094,1.0,-5.370055418417685
1,APTUSDT,XLMUSDT,15.988422890986529,0.04716814505729437,0.025183244326068402,1,0.05901483244309058,1.0,-3.7244965171713043,-0.6763346033269803,0,0.0,0.0,-9.397180257839674
