,sym_1,sym_2,hedge_ratio,std,p_value,trade_oppotunities_performance,cumulative_returns_performance,win_rate_performance,peak_loss_performace,recent_z_score,examine_trade_oppotunities,examine_returns,examine_win_rate,examine_peak_loss
4,HBARUSDT,XRPUSDT,0.04152722894601697,0.0006333757359284056,0.029392796448990184,1,7.935877953998522,1.0,-32.72759674137888,2.1550417734833416,3,864.5020352459978,0.6666666666666666,-363.1320441702269
1,NEARUSDT,EOSUSDT,2.492365762863032,0.02481463310688088,0.004332925937616442,1,1.3570628130253837,1.0,-1.1151781991967937,1.9529877912378824,2,1.7743897650713696,0.5,-6.456625789574693
