,sym_1,sym_2,hedge_ratio,std,p_value,trade_oppotunities_performance,cumulative_returns_performance,win_rate_performance,peak_loss_performace,recent_z_score,examine_trade_oppotunities,examine_returns,examine_win_rate,examine_peak_loss
4,HBARUSDT,SNXUSDT,0.005489377647680654,0.0015024321302958595,0.003347728640669597,1,5.136780704111545,1.0,-59.61472394955596,1.9831202075396945,0,0.0,0.0,-14.20264902893744
19,ETCUSDT,ADAUSDT,55.208228320758494,0.15284704965914092,0.018789743671236918,1,4.165051865783124,1.0,-0.5702947311462359,-1.7663128768630285,0,0.0,0.0,-6.0977245400448945
