,sym_1,sym_2,hedge_ratio,std,p_value,trade_oppotunities_performance,cumulative_returns_performance,win_rate_performance,peak_loss_performace,recent_z_score,examine_trade_oppotunities,examine_returns,examine_win_rate,examine_peak_loss
6,MASKUSDT,XLMUSDT,8.387726187383938,0.06712554094273514,0.00037345774752120786,1,19.499596672811194,1.0,-3.921117880091386,2.0457114507798413,1,13.884329522839394,1.0,-8.982593978012252
32,AVAXUSDT,AAVEUSDT,0.053042766727731464,0.07059235667038193,0.016181422197300344,1,4.589387886949656,1.0,-3.301536999520327,0.8279361201960742,0,0.0,0.0,-7.641253768743245
