,sym_1,sym_2,hedge_ratio,std,p_value,trade_oppotunities_performance,cumulative_returns_performance,win_rate_performance,peak_loss_performace,recent_z_score,examine_trade_oppotunities,examine_returns,examine_win_rate,examine_peak_loss
19,APEUSDT,SOLUSDT,0.1016730963888225,0.017372059265266665,0.0153806056594872,2,3.7090616405232577,1.0,-2.4111402655873544,0.014192210271344858,0,0.0,0.0,-15.20757653236596
11,DOGEUSDT,APEUSDT,0.015991220076608904,0.001240254297578485,0.025518009797047488,2,14.587949717745047,1.0,-1.640977026941575,-1.462331495515806,0,0.0,0.0,-37.63428818269848
15,XRPUSDT,SOLUSDT,0.011592851014357766,0.003779200423793249,0.01367469137851119,1,8.35524331923781,1.0,-2.8247977243033437,0.020992970984242756,0,0.0,0.0,-19.895445983401018
