,sym_1,sym_2,hedge_ratio,std,p_value,trade_oppotunities_performance,cumulative_returns_performance,win_rate_performance,peak_loss_performace,recent_z_score,examine_trade_oppotunities,examine_returns,examine_win_rate,examine_peak_loss
6,HBARUSDT,SNXUSDT,0.005489377647680654,0.0015258268934622416,0.003347728640669597,1,15.747273621580643,1.0,-40.912978567989924,1.9119338639302612,0,0.0,0.0,-90.29971277609187
8,HBARUSDT,ETCUSDT,0.003269685577117734,0.001285993052538837,0.028823407962568215,1,37.565484143555906,1.0,-10.201556140814489,3.6147214877779894,0,0.0,0.0,-61.781742975533305
1,NEARUSDT,EOSUSDT,2.492365762863032,0.03178108197494648,0.004332925937616442,1,14.742643764087571,1.0,-4.174913442307671,0.7926391509408369,1,19.02259931267933,1.0,-12.903570745271585
