,sym_1,sym_2,hedge_ratio,std,p_value,trade_oppotunities_performance,cumulative_returns_performance,win_rate_performance,peak_loss_performace,recent_z_score,examine_trade_oppotunities,examine_returns,examine_win_rate,examine_peak_loss
20,SNXUSDT,APEUSDT,2.136845447739256,0.05202592690256347,0.016147418026400094,2,45.528027433813946,1.0,-56.75699075870807,3.256491598112163,2,72.55309160861219,0.5,-8.03221837018299
10,MASKUSDT,LDOUSDT,1.1127777410473414,0.03127841985095742,0.0009214270472514121,1,1.041413266447553,1.0,-26.25866317590478,1.815746821809105,2,13.416284593726909,0.5,-15.24185187147669
14,MASKUSDT,SOLUSDT,0.0637795722044011,0.030687646566560225,0.0033859899207090193,1,6.132036267933032,1.0,-19.438898919794084,1.6596786078084171,1,16.809054715094625,1.0,-4.404074294778268
8,MASKUSDT,XRPUSDT,4.651882296596547,0.03279089286414344,0.00043278968095239744,1,9.689710819909779,1.0,-6.099224500434952,1.6994106840235024,2,21.34769970749828,1.0,-3.8539082374746108
