,sym_1,sym_2,hedge_ratio,std,p_value,trade_oppotunities_performance,cumulative_returns_performance,win_rate_performance,peak_loss_performace,recent_z_score,examine_trade_oppotunities,examine_returns,examine_win_rate,examine_peak_loss
1,APTUSDT,XLMUSDT,15.988422890986529,0.03794514088110698,0.025183244326068402,4,4.512408669445662,0.75,-4.906930308673817,-0.42135550530633054,4,16.533598226198354,1.0,-7.681281952649151
11,DOGEUSDT,SOLUSDT,0.0016608008820789874,0.0008255456428101448,0.025364972287401068,2,15.338837397487332,1.0,-1.7538355878029095,-0.8951456489008791,2,-6.847062245203758,0.5,-9.591027806974958
3,APTUSDT,XRPUSDT,7.58872230014361,0.03654814655689727,0.02256290147773444,1,6.71483970018647,1.0,-5.03977110104401,-1.0912237695193705,1,0.8206515196982591,1.0,-6.032203889526036
