,sym_1,sym_2,hedge_ratio,std,p_value,trade_oppotunities_performance,cumulative_returns_performance,win_rate_performance,peak_loss_performace,recent_z_score,examine_trade_oppotunities,examine_returns,examine_win_rate,examine_peak_loss
8,APTUSDT,SOLUSDT,0.07105551888850385,0.2072364548064904,0.0006213776276182305,2,22.75633587066681,1.0,-4.791294777817614,-0.5760716403799608,0,0.0,0.0,-4.957213286160115
0,LTCUSDT,TOMOUSDT,17.760386465841474,1.659958737540855,0.0241321337329894,1,47.37648002926112,1.0,-0.9967647907616124,0.024224014509782933,1,57.08337941621864,1.0,-56.04756421836049
1,APTUSDT,HBARUSDT,63.16028632978912,0.19074620647448925,0.004152645749097346,1,9.426590791164259,1.0,-0.15038304851796624,-2.020529676763631,0,0.0,0.0,-2.429015957619837
