,sym_1,sym_2,hedge_ratio,std,p_value,trade_oppotunities_performance,cumulative_returns_performance,win_rate_performance,peak_loss_performace,recent_z_score,examine_trade_oppotunities,examine_returns,examine_win_rate,examine_peak_loss
10,MASKUSDT,LDOUSDT,1.1127777410473414,0.03127841985095742,0.0009214270472514121,1,0.2925345007288188,1.0,-23.21659511930146,1.815746821809105,2,13.312916848602672,0.5,-15.53562197814856
14,MASKUSDT,SOLUSDT,0.0637795722044011,0.030687646566560225,0.0033859899207090193,1,5.132695073477644,1.0,-7.695443549111725,1.6596786078084171,1,16.809054715094625,1.0,-4.404074294778268
33,AVAXUSDT,AAVEUSDT,0.053042766727731464,0.06309300179543245,0.016181422197300344,1,12.426129453786276,1.0,-6.104814508756392,0.4006112744173086,1,23.167602284580354,1.0,-4.443654780825414
8,MASKUSDT,XRPUSDT,4.651882296596547,0.03279089286414344,0.00043278968095239744,1,9.689710819909779,1.0,-6.099224500434952,1.6994106840235024,2,21.108169299325095,1.0,-3.8539082374746108
