,sym_1,sym_2,hedge_ratio,std,p_value,trade_oppotunities_performance,cumulative_returns_performance,win_rate_performance,peak_loss_performace,recent_z_score,examine_trade_oppotunities,examine_returns,examine_win_rate,examine_peak_loss
7,MASKUSDT,CRVUSDT,0.5695443106370864,0.03427478367073401,0.005091204788140896,2,28.63648026222058,1.0,-5.640943362675896,1.4248155154181137,1,37.128379118729306,1.0,-24.135700803167175
5,MASKUSDT,SNXUSDT,0.2527266854046487,0.04098335668591019,0.005059452032839331,1,15.100319075166219,1.0,-15.72855846655906,0.37607561391432265,0,0.0,0.0,-16.295642636265413
1,APTUSDT,ETHUSDT,0.0042746695585407935,0.033369869695692896,0.020931343728317234,1,0.580695865908601,1.0,-9.075334230008107,-1.3536185401419878,1,2.039806381941437,1.0,-4.310021073571425
