,sym_1,sym_2,hedge_ratio,std,p_value,trade_oppotunities_performance,cumulative_returns_performance,win_rate_performance,peak_loss_performace,recent_z_score,examine_trade_oppotunities,examine_returns,examine_win_rate,examine_peak_loss
7,SNXUSDT,KNCUSDT,4.052703260631095,0.041373978256337596,0.023610452972222744,1,8.641878577329601,1.0,-3.6101857488136297,-2.896934018640247,2,34.51106435332938,1.0,-1.0711623509180996
12,DOGEUSDT,SOLUSDT,0.0016608008820789874,0.0008255456428101448,0.025364972287401068,1,3.302866716243375,1.0,-1.7538355878029095,-0.8951456489008791,1,3.435665843231946,1.0,-6.359843440950575
