,sym_1,sym_2,hedge_ratio,std,p_value,trade_oppotunities_performance,cumulative_returns_performance,win_rate_performance,peak_loss_performace,recent_z_score,examine_trade_oppotunities,examine_returns,examine_win_rate,examine_peak_loss
12,GALAUSDT,FTMUSDT,0.07554545316822348,0.0001374335463988198,0.011469235784692921,2,10.088811930251872,1.0,-4.593098093558362,-0.7856065869843113,1,3.452317911167397,1.0,-0.00527001207829203
1,APTUSDT,ETHUSDT,0.0042746695585407935,0.030623019632841034,0.020931343728317234,1,0.9957794046901329,1.0,-1.4399082193904102,-0.5787193202811667,1,-5.346533703004691,0.0,-9.531312844012833
17,XLMUSDT,CRVUSDT,0.06059774194809442,0.0021596379513496773,0.004669323428407153,1,15.305732067468188,1.0,-1.1688685835567734,-2.0999723356652558,3,-1.995140321417245,0.3333333333333333,-7.759855324394029
