,sym_1,sym_2,hedge_ratio,std,p_value,trade_oppotunities_performance,cumulative_returns_performance,win_rate_performance,peak_loss_performace,recent_z_score,examine_trade_oppotunities,examine_returns,examine_win_rate,examine_peak_loss
4,HBARUSDT,DYDXUSDT,0.016812809841513825,0.0010726480359024295,0.020394356614867364,3,67.90627819014205,1.0,-18.400551437454443,2.9172160998045467,2,-61.57757503561588,0.5,-69.47110686717485
9,XRPUSDT,INJUSDT,0.05849740984080549,0.01028031325892825,0.012449555687039555,2,2.263511012850012,1.0,-9.088012401643448,-1.067677534231381,1,30.481570664073633,1.0,-55.959267674534416
5,HBARUSDT,ETCUSDT,0.003269685577117734,0.001186352314005535,0.028823407962568215,1,0.7131770402052593,1.0,-44.15244972463563,3.119841140106933,0,0.0,0.0,-86.64047226512899
