,sym_1,sym_2,hedge_ratio,std,p_value,trade_oppotunities_performance,cumulative_returns_performance,win_rate_performance,peak_loss_performace,recent_z_score,examine_trade_oppotunities,examine_returns,examine_win_rate,examine_peak_loss
18,SNXUSDT,APEUSDT,2.136845447739256,0.05202592690256347,0.016147418026400094,2,61.15005339645981,1.0,-27.083214882891163,3.256491598112163,2,76.0487935186195,0.5,-5.590957014720928
17,SNXUSDT,XRPUSDT,15.780104174056799,0.08238839156700217,0.010266350981898497,1,1.431762401359111,1.0,-38.17029902395152,2.565542023233489,1,274.77160354128307,1.0,-63.9575825992588
9,MASKUSDT,LDOUSDT,1.1127777410473414,0.03127841985095742,0.0009214270472514121,1,1.041413266447553,1.0,-26.25866317590478,1.815746821809105,2,11.86304214901692,0.5,-16.72972892673371
31,AVAXUSDT,AAVEUSDT,0.053042766727731464,0.06309300179543245,0.016181422197300344,1,13.23090371988285,1.0,-5.668726177001261,0.4006112744173086,1,21.94138370037899,1.0,-11.687090141678572
