,sym_1,sym_2,hedge_ratio,std,p_value,trade_oppotunities_performance,cumulative_returns_performance,win_rate_performance,peak_loss_performace,recent_z_score,examine_trade_oppotunities,examine_returns,examine_win_rate,examine_peak_loss
25,COMPUSDT,AVAXUSDT,15.711413970854093,3.0788317044255034,0.02214126668880763,1,0.0873954408766259,1.0,-3.794996235721519,-0.8019522329318792,1,27.32783210362535,1.0,-4.575255521790246
6,MASKUSDT,CRVUSDT,0.5695443106370864,0.0480301290708947,0.005091204788140896,1,37.37096385432154,1.0,-1.7396644949728348,1.5008835344575524,0,0.0,0.0,-0.1435464100629128
38,APEUSDT,SOLUSDT,0.10602284029068257,0.06462247102095679,0.0008535286988108824,1,2.18473603889682,1.0,-0.9992213537106238,0.037247445012918004,0,0.0,0.0,-17.58506892133503
