,sym_1,sym_2,hedge_ratio,std,p_value,trade_oppotunities_performance,cumulative_returns_performance,win_rate_performance,peak_loss_performace,recent_z_score,examine_trade_oppotunities,examine_returns,examine_win_rate,examine_peak_loss
1,CRVUSDT,XRPUSDT,3.9338892301093322,0.026395455512996595,0.016950936089527874,0,0,0,-3.308154425910388,1.4852704089004483,1,15.09089835102542,1.0,-2.6926949770144644
0,ETHUSDT,LDOUSDT,233.6622841626727,7.325539024398143,0.014960649669197218,0,0,0,-1.8981446350148254,-0.4227576370345863,1,0.4878112033097294,1.0,-4.222930737138045
2,MKRUSDT,COMPUSDT,6.884999268399961,44.280548581577264,0.016495217297900034,0,0,0,-4.783409969401293,0.32322266268170213,0,0.0,0.0,0.0
3,DOGEUSDT,LDOUSDT,0.019000525145683234,0.0003791849721323403,0.0009306479542901284,0,0,0,-12.387248426552997,-1.460059019558621,0,0.0,0.0,-37.302092536875634
4,LDOUSDT,SOLUSDT,0.1197903705395274,0.01964678067901241,0.020454401338681608,0,0,0,0.0,0.7358390658869873,0,0.0,0.0,-15.069217244366445
5,LDOUSDT,AAVEUSDT,0.017734244584596562,0.02761032440656637,0.0025069871044781995,0,0,0,-8.82812310097548,-0.3489709816388009,0,0.0,0.0,-0.08839249801180382
