,sym_1,sym_2,hedge_ratio,std,p_value,trade_oppotunities_performance,cumulative_returns_performance,win_rate_performance,peak_loss_performace,recent_z_score,examine_trade_oppotunities,examine_returns,examine_win_rate,examine_peak_loss
2,CRVUSDT,XRPUSDT,3.9338892301093322,0.009062910679810696,0.016950936089527874,4,8.577874624795978,1.0,-0.717989149883413,1.939951592985906,2,34.222689281782806,1.0,-5.648481569710989
4,DOGEUSDT,LDOUSDT,0.019000525145683234,0.00022324375532080737,0.0009306479542901284,3,-1.3443632025740808,0.3333333333333333,-1.006680718371246,-2.090864662662291,3,11.838400213257378,1.0,-2.1191004379401583
1,ETHUSDT,AAVEUSDT,4.216025428040905,5.198147963331442,0.028107156090250617,4,1.5746649791593919,1.0,-0.16276683875132772,-0.8943097411170494,3,3.9231807678086192,1.0,-2.338947890947503
5,LDOUSDT,SOLUSDT,0.1197903705395274,0.010569049765999037,0.020454401338681608,3,-0.31477525913473503,0.3333333333333333,-2.8885847563206775,2.6012902019652673,2,1.804496980245019,0.5,-2.269655005418172
6,LDOUSDT,AAVEUSDT,0.017734244584596562,0.011496978563843088,0.0025069871044781995,3,0.8253289794244253,0.6666666666666666,-3.912527501208806,0.7608370381841051,3,-3.8645673778653498,0.3333333333333333,-8.663698238464779
0,BNBUSDT,COTIUSDT,684.5889374538358,0.4059223499836602,0.024498487487728437,3,2.308202690918927,0.6666666666666666,-1.429851931254864,-1.9668658079320895,2,-8.729466161703229,0.0,-6.954611524935531
3,MKRUSDT,COMPUSDT,6.884999268399961,6.162506886889561,0.016495217297900034,3,-1.672847175499113,0.3333333333333333,-11.474234563054363,0.047537279223538106,2,-22.859918278394773,0.0,-14.707841279615126
