,sym_1,sym_2,hedge_ratio,std,p_value,trade_oppotunities_performance,cumulative_returns_performance,win_rate_performance,peak_loss_performace,recent_z_score,examine_trade_oppotunities,examine_returns,examine_win_rate,examine_peak_loss
36,CRVUSDT,OPUSDT,0.07813590633328077,0.008613833814500184,0.015713969685875784,1,12.790450100751858,1.0,-14.229441703681443,0.5700936330946994,1,-45.82250249084507,0.0,-49.883691347334526
63,LDOUSDT,TOMOUSDT,0.10306031667496962,0.01379676478587134,0.004231291716199418,1,0.23748062279166432,1.0,-8.956011724162884,-0.744803333447858,0,0.0,0.0,-15.424168893830839
12,BNBUSDT,DOTUSDT,29.957878765058,0.890652480529335,7.417481109246746e-07,1,5.228756191391016,1.0,-3.3323238429161206,-1.607668663132683,0,0.0,0.0,0.0
67,ETCUSDT,ADAUSDT,24.225534021130056,0.032336049537799734,0.00511697128121602,1,1.407542666799945,1.0,-0.8248774937464645,-0.3383116576045429,0,0.0,0.0,0.0
