,sym_1,sym_2,hedge_ratio,std,p_value,trade_oppotunities_performance,cumulative_returns_performance,win_rate_performance,peak_loss_performace,recent_z_score,examine_trade_oppotunities,examine_returns,examine_win_rate,examine_peak_loss
0,BNBUSDT,COTIUSDT,684.5889374538358,0.5087693636136316,0.024498487487728437,3,0.9382055584820521,0.3333333333333333,-0.6387101993741071,-1.2014264827717243,2,16.960508413223444,0.5,-19.414293610832132
2,ETHUSDT,AAVEUSDT,4.216025428040905,6.181294991491992,0.028107156090250617,1,-0.9159146372799819,0.0,-0.4416096430136376,-1.4817154792343699,2,14.345563690352133,0.5,-14.410299853282098
1,ETHUSDT,LDOUSDT,233.6622841626727,4.516318750400306,0.014960649669197218,1,-1.9329696219514088,0.0,-1.7637560564099144,-2.745169732194679,2,7.664273809070034,1.0,-0.2633914042374889
5,DOGEUSDT,LDOUSDT,0.019000525145683234,0.00028168440372785034,0.0009306479542901284,1,-0.5600880600712599,0.0,-6.586286138344679,-2.702310513140184,1,7.505678032396358,1.0,-2.1009312981267594
4,MKRUSDT,COMPUSDT,6.884999268399961,7.305855702847069,0.016495217297900034,2,27.49521572615036,0.5,-18.57029192713107,0.7693423470245264,1,5.85686615061179,1.0,-19.820526219266327
6,LDOUSDT,SOLUSDT,0.1197903705395274,0.011564178522531186,0.020454401338681608,1,4.727968434313275,1.0,-3.890974487613726,3.1359357587873102,1,3.2601858346015353,1.0,-0.24184664544291934
3,CRVUSDT,XRPUSDT,3.9338892301093322,0.012352808349103869,0.016950936089527874,0,0.0,0.0,-17.759303671989404,2.3057713274904192,0,0.0,0.0,-164.85260278880034
7,LDOUSDT,AAVEUSDT,0.017734244584596562,0.014974620415651873,0.0025069871044781995,1,-3.5029884492530075,0.0,-2.8629884492530073,-0.06091887588498768,1,-1.7021535187671244,0.0,-39.21628383166839
