,sym_1,sym_2,hedge_ratio,std,p_value,trade_oppotunities_performance,cumulative_returns_performance,win_rate_performance,peak_loss_performace,recent_z_score,examine_trade_oppotunities,examine_returns,examine_win_rate,examine_peak_loss
4,MKRUSDT,COMPUSDT,6.884999268399961,11.175534302567007,0.016495217297900034,2,25.8068156789587,1.0,-2.9983339193348715,0.4287929761172407,1,20.290903278093964,1.0,-4.041591410074576
3,CRVUSDT,XRPUSDT,3.9338892301093322,0.014590364415604129,0.016950936089527874,1,45.99732209088279,1.0,-16.293001396096965,2.683776458691039,1,2.5831957878484526,1.0,-17.594980087699593
0,BNBUSDT,COTIUSDT,684.5889374538358,0.5961943881064468,0.024498487487728437,0,0.0,0.0,-18.576006277620845,-0.37551152545521943,0,0.0,0.0,-87.02596830269898
1,ETHUSDT,LDOUSDT,233.6622841626727,5.648109184741127,0.014960649669197218,1,-0.016171724730149162,0.0,-0.025642152485070346,-2.3805160637063794,0,0.0,0.0,-9.648188735645242
5,DOGEUSDT,LDOUSDT,0.019000525145683234,0.00029704396870644696,0.0009306479542901284,1,9.656220965601088,1.0,-0.23480456367621844,-2.6228204182412096,0,0.0,0.0,-10.817558909815931
6,LDOUSDT,SOLUSDT,0.1197903705395274,0.011181932529830707,0.020454401338681608,1,2.2709652499052515,1.0,-0.1445536798764808,2.727103618324678,0,0.0,0.0,0.0
2,ETHUSDT,AAVEUSDT,4.216025428040905,8.411166791732537,0.028107156090250617,1,-0.3623291599222165,0.0,-0.7284908180202654,-1.6316844806552881,2,-3.3923425893948913,0.0,-9.235424117606534
7,LDOUSDT,AAVEUSDT,0.017734244584596562,0.017584456116508787,0.0025069871044781995,1,3.1368805187494293,1.0,-1.395248551901023,-0.21243932582725347,1,-17.94261232526276,0.0,-34.41128684329227
