,sym_1,sym_2,hedge_ratio,std,p_value,trade_oppotunities_performance,cumulative_returns_performance,win_rate_performance,peak_loss_performace,recent_z_score,examine_trade_oppotunities,examine_returns,examine_win_rate,examine_peak_loss
4,MKRUSDT,COMPUSDT,6.884999268399961,11.175534302567007,0.016495217297900034,2,34.457650850613604,1.0,-3.038291273758739,0.4287929761172407,1,28.055384702216358,1.0,-8.261815969704053
3,CRVUSDT,XRPUSDT,3.9338892301093322,0.014590364415604129,0.016950936089527874,1,69.13776913149047,1.0,-20.126922535708815,2.683776458691039,1,8.48549077508601,1.0,-20.69825062231987
0,BNBUSDT,COTIUSDT,684.5889374538358,0.5961943881064468,0.024498487487728437,0,0.0,0.0,-18.576006277620845,-0.37551152545521943,0,0.0,0.0,-93.49126778789551
1,ETHUSDT,LDOUSDT,233.6622841626727,5.648109184741127,0.014960649669197218,2,0.6726916803781426,0.5,-0.3265324049177551,-2.3805160637063794,0,0.0,0.0,-13.502654098775107
5,DOGEUSDT,LDOUSDT,0.019000525145683234,0.00029704396870644696,0.0009306479542901284,1,14.529537444312655,1.0,-0.29777366438959696,-2.6228204182412096,0,0.0,0.0,-18.652316254604777
6,LDOUSDT,SOLUSDT,0.1197903705395274,0.011181932529830707,0.020454401338681608,1,10.840250459829479,1.0,-2.9457625618799184,2.727103618324678,0,0.0,0.0,-1.483069003237825
2,ETHUSDT,AAVEUSDT,4.216025428040905,8.411166791732537,0.028107156090250617,1,-2.3458950702077095,0.0,-1.6367479894762962,-1.6316844806552881,2,-3.424262505245142,0.0,-10.380737910379418
7,LDOUSDT,AAVEUSDT,0.017734244584596562,0.017584456116508787,0.0025069871044781995,2,1.9737360358101492,0.5,-1.7787436572741346,-0.21243932582725347,1,-19.58871057044105,0.0,-37.01266939246263
