,sym_1,sym_2,hedge_ratio,std,p_value,trade_oppotunities_performance,cumulative_returns_performance,win_rate_performance,peak_loss_performace,recent_z_score,examine_trade_oppotunities,examine_returns,examine_win_rate,examine_peak_loss
5,BNBUSDT,XLMUSDT,512.7972098155582,1.2238762016278468,3.357596787744022e-07,1,0.6267438544169115,1.0,-7.543741895699003,-0.597614275632713,1,2.5505352335318845,1.0,-4.20053383294137
6,BNBUSDT,COMPUSDT,0.39743878064057003,1.665605016573089,2.4258241003178814e-07,1,9.669497291901322,1.0,-6.09989307289792,-1.1676019246278113,1,3.532121368547255,1.0,0.0
39,AVAXUSDT,AAVEUSDT,0.04786486510917236,0.11239412851872022,0.0013054300063845994,1,2.5434963479959096,1.0,-3.8545593932822966,0.26275747962644747,1,0.35265226254074533,1.0,-2.4077619939687978
40,DOTUSDT,AAVEUSDT,0.030009751280208108,0.060085751962905054,4.2319456219145956e-05,1,0.016614755388955293,1.0,-2.5985210446350973,0.25285780228837856,0,0.0,0.0,-4.244613219179776
