,sym_1,sym_2,hedge_ratio,std,p_value,trade_oppotunities_performance,cumulative_returns_performance,win_rate_performance,peak_loss_performace,recent_z_score,examine_trade_oppotunities,examine_returns,examine_win_rate,examine_peak_loss
56,LDOUSDT,TOMOUSDT,0.10306031667496962,0.01379676478587134,0.004231291716199418,1,5.359966444296054,1.0,-17.36119811132813,-0.744803333447858,0,0.0,0.0,-15.424168893830839
17,BNBUSDT,INJUSDT,6.60869315888055,1.833263491110769,0.0006399798137846832,1,8.922659315006566,1.0,-8.734590608568942,-0.9272923340257532,0,0.0,0.0,-0.468370923427748
11,BNBUSDT,DOTUSDT,29.957878765058,0.890652480529335,7.417481109246746e-07,1,3.152290151683724,1.0,-5.2142392962633535,-1.607668663132683,0,0.0,0.0,-0.7482502130048133
64,AAVEUSDT,ADAUSDT,267.82750134528476,1.4056319894376585,0.018653667479480433,1,7.398599672134487,1.0,-2.382016159271221,2.2897473651126754,0,0.0,0.0,-8.600223102874434
