,sym_1,sym_2,hedge_ratio,std,p_value,trade_oppotunities_performance,cumulative_returns_performance,win_rate_performance,peak_loss_performace,recent_z_score,examine_trade_oppotunities,examine_returns,examine_win_rate,examine_peak_loss
59,APEUSDT,SOLUSDT,0.023174397501170074,0.00581657820535702,0.016690745775649662,1,1.2494610225411822,1.0,-10.5362958677806,-0.04789089932924982,0,0.0,0.0,-2.015414350833225
42,DYDXUSDT,EOSUSDT,3.793953556003922,0.015114882640893815,0.008806137498183729,1,1.6900996777361348,1.0,-4.3913910531313185,-1.01975776014484,0,0.0,0.0,-0.9559013636653695
61,AAVEUSDT,ADAUSDT,267.82750134528476,1.2346502612319084,0.018653667479480433,1,5.499523129720351,1.0,-2.4181935211603496,1.9873236047079326,1,1.8295122057399158,1.0,0.0
36,AVAXUSDT,FILUSDT,1.7384646206987826,0.07928414600544395,0.00028148451088023127,1,4.269670145291975,1.0,-1.4294722876096007,2.0252838315726978,0,0.0,0.0,0.0
