,sym_1,sym_2,hedge_ratio,std,p_value,trade_oppotunities_performance,cumulative_returns_performance,win_rate_performance,peak_loss_performace,recent_z_score,examine_trade_oppotunities,examine_returns,examine_win_rate,examine_peak_loss
24,AVAXUSDT,FILUSDT,1.7384646206987826,0.03963135841783555,0.00028148451088023127,3,1.5969737333001126,1.0,-5.916864728173259,1.280174272064277,2,0.24377522816629815,0.5,-2.5101525182413336
45,APEUSDT,SOLUSDT,0.023174397501170074,0.005339635377705866,0.016690745775649662,1,0.9626781118196852,1.0,-6.7272645795032755,0.8673818663930636,2,5.905376982890946,1.0,-0.5457319073199175
30,DYDXUSDT,SOLUSDT,0.0720188281486263,0.005411591388540542,7.1001757843240134e-06,1,0.000605439370960692,1.0,-1.7131026033363592,1.2101254281888527,3,-1.546174268242964,0.3333333333333333,-2.551646816508285
