,sym_1,sym_2,hedge_ratio,std,p_value,trade_oppotunities_performance,cumulative_returns_performance,win_rate_performance,peak_loss_performace,recent_z_score,examine_trade_oppotunities,examine_returns,examine_win_rate,examine_peak_loss
2,CRVUSDT,XRPUSDT,3.9338892301093322,0.009062910679810696,0.016950936089527874,2,1.8997891883191178,1.0,-0.11207751765654275,1.939951592985906,2,26.082827222513902,1.0,-4.6325657629777375
4,DOGEUSDT,LDOUSDT,0.019000525145683234,0.00022324375532080737,0.0009306479542901284,2,-0.0012384038185806745,0.5,-0.20203727382190143,-2.090864662662291,2,7.528755851988397,1.0,-0.6001349198197036
1,ETHUSDT,AAVEUSDT,4.216025428040905,5.198147963331442,0.028107156090250617,3,1.235581112591831,1.0,-0.10719441707236577,-0.8943097411170494,2,3.6917097217273835,1.0,-2.1070205230184045
5,LDOUSDT,SOLUSDT,0.1197903705395274,0.010569049765999037,0.020454401338681608,3,-0.6532798976198246,0.3333333333333333,-1.7215306671250303,2.6012902019652673,2,1.6884251261150816,0.5,-2.2720772535236904
6,LDOUSDT,AAVEUSDT,0.017734244584596562,0.011496978563843088,0.0025069871044781995,2,-0.2817653039466802,0.5,-3.912527501208806,0.7608370381841051,2,-0.704659612238047,0.0,-2.0587657229451564
0,BNBUSDT,COTIUSDT,684.5889374538358,0.4059223499836602,0.024498487487728437,3,1.6183119029340851,0.6666666666666666,-1.2608030883193038,-1.9668658079320895,1,-4.595420836386191,0.0,-6.426405235619452
3,MKRUSDT,COMPUSDT,6.884999268399961,6.162506886889561,0.016495217297900034,2,-4.652910662935898,0.0,-11.474234563054363,0.047537279223538106,2,-17.692528126585938,0.0,-11.58679068179174
