,sym_1,sym_2,hedge_ratio,std,p_value,trade_oppotunities_performance,cumulative_returns_performance,win_rate_performance,peak_loss_performace,recent_z_score,examine_trade_oppotunities,examine_returns,examine_win_rate,examine_peak_loss
0,BNBUSDT,COTIUSDT,684.5889374538358,0.778296121780731,0.024498487487728437,0,0.0,0.0,-1.3714526165705008,0.025228825178520584,1,15.390809048692802,1.0,-53.3135151421426
1,ETHUSDT,LDOUSDT,233.6622841626727,7.374041198449001,0.014960649669197218,0,0.0,0.0,-4.798511573764385,-2.340559440537988,0,0.0,0.0,-22.29423370639124
2,CRVUSDT,XRPUSDT,3.9338892301093322,0.02302910360579203,0.016950936089527874,0,0.0,0.0,0.0,1.661092778906453,0,0.0,0.0,-203.46932210492355
3,MKRUSDT,COMPUSDT,6.884999268399961,33.81203235482132,0.016495217297900034,0,0.0,0.0,-9.041523359976894,0.4228668130969734,0,0.0,0.0,-5.171239124301287
4,DOGEUSDT,LDOUSDT,0.019000525145683234,0.0003492296792415444,0.0009306479542901284,0,0.0,0.0,-15.062980574045296,-1.649951975234937,0,0.0,0.0,-26.237101407207817
5,LDOUSDT,SOLUSDT,0.1197903705395274,0.0118008273233535,0.020454401338681608,1,2.530522869678142,1.0,-1.7535502440262083,1.6575158261273601,0,0.0,0.0,-10.11550251719722
6,LDOUSDT,AAVEUSDT,0.017734244584596562,0.023464769026167554,0.0025069871044781995,0,0.0,0.0,-1.8188234049122252,-0.28138824425756287,1,-10.74732925238602,0.0,-32.985760483701796
