,sym_1,sym_2,hedge_ratio,std,p_value,trade_oppotunities_performance,cumulative_returns_performance,win_rate_performance,peak_loss_performace,recent_z_score,examine_trade_oppotunities,examine_returns,examine_win_rate,examine_peak_loss
44,LDOUSDT,APEUSDT,0.5276163752568548,0.008067115744432826,0.023563629626132128,1,4.996767808550562,1.0,-15.380853975299505,-0.06303056620061565,0,0.0,0.0,-14.649720060808718
38,DYDXUSDT,EOSUSDT,3.793953556003922,0.015114882640893815,0.008806137498183729,1,7.072499254133234,1.0,-4.3913910531313185,-1.01975776014484,0,0.0,0.0,-1.360237549268511
4,BNBUSDT,SNXUSDT,16.260974591699803,1.3571227997399262,1.6137613906939369e-06,1,7.925919855669325,1.0,-3.097478870855884,-1.200972044558125,1,8.55318854110822,1.0,-7.871665399353851
40,BTCUSDT,AAVEUSDT,35.34269026860335,134.42660164617118,0.007227979828794999,1,3.6281107671597903,1.0,-2.4721597110314484,0.23453516526392118,0,0.0,0.0,-1.0528149829463862
