,sym_1,sym_2,hedge_ratio,std,p_value,trade_oppotunities_performance,cumulative_returns_performance,win_rate_performance,peak_loss_performace,recent_z_score,examine_trade_oppotunities,examine_returns,examine_win_rate,examine_peak_loss
0,BNBUSDT,COTIUSDT,684.5889374538358,0.778296121780731,0.024498487487728437,1,2.7079376804936186,1.0,-1.4469853510425412,0.025228825178520584,1,17.461127196127848,1.0,-57.1828238268054
2,MKRUSDT,COMPUSDT,6.884999268399961,33.81203235482132,0.016495217297900034,0,0.0,0.0,-68.46328469875056,0.4228668130969734,1,5.700323038399898,1.0,-6.796026934994492
1,ETHUSDT,LDOUSDT,233.6622841626727,7.374041198449001,0.014960649669197218,0,0.0,0.0,-4.798511573764385,-2.340559440537988,0,0.0,0.0,-22.38857586137482
3,DOGEUSDT,LDOUSDT,0.019000525145683234,0.0003492296792415444,0.0009306479542901284,0,0.0,0.0,-22.087059603789854,-1.649951975234937,0,0.0,0.0,-29.107897507118825
4,LDOUSDT,SOLUSDT,0.1197903705395274,0.0118008273233535,0.020454401338681608,1,3.3175453909208024,1.0,-2.3164178445993753,1.6575158261273601,0,0.0,0.0,-21.508543793543023
5,LDOUSDT,AAVEUSDT,0.017734244584596562,0.023464769026167554,0.0025069871044781995,0,0.0,0.0,-10.789241783606608,-0.28138824425756287,2,-9.718693841636156,0.5,-32.985760483701796
