,sym_1,sym_2,hedge_ratio,std,p_value,trade_oppotunities_performance,cumulative_returns_performance,win_rate_performance,peak_loss_performace,recent_z_score,examine_trade_oppotunities,examine_returns,examine_win_rate,examine_peak_loss
0,BNBUSDT,COTIUSDT,684.5889374538358,0.778296121780731,0.024498487487728437,0,0.0,0.0,-1.1664224855756593,0.025228825178520584,1,13.272561269279363,1.0,-28.44107684913437
1,ETHUSDT,LDOUSDT,233.6622841626727,7.374041198449001,0.014960649669197218,0,0.0,0.0,-3.3786852894942,-2.340559440537988,0,0.0,0.0,-18.865283450105466
3,CRVUSDT,XRPUSDT,3.9338892301093322,0.02302910360579203,0.016950936089527874,0,0.0,0.0,0.0,1.661092778906453,0,0.0,0.0,-193.82259138934705
4,MKRUSDT,COMPUSDT,6.884999268399961,33.81203235482132,0.016495217297900034,0,0.0,0.0,0.0,0.4228668130969734,0,0.0,0.0,-3.453196922015862
5,DOGEUSDT,LDOUSDT,0.019000525145683234,0.0003492296792415444,0.0009306479542901284,0,0.0,0.0,-3.102496551053064,-1.649951975234937,0,0.0,0.0,-25.24210979633793
6,LDOUSDT,SOLUSDT,0.1197903705395274,0.0118008273233535,0.020454401338681608,1,2.1236361326084596,1.0,-1.6352396766779023,1.6575158261273601,0,0.0,0.0,-3.414088722133341
2,ETHUSDT,AAVEUSDT,4.216025428040905,11.97650246238365,0.028107156090250617,0,0.0,0.0,0.0,-1.7829431247109773,1,-1.781857664084992,0.0,-7.209639011582372
7,LDOUSDT,AAVEUSDT,0.017734244584596562,0.023464769026167554,0.0025069871044781995,0,0.0,0.0,0.0,-0.28138824425756287,1,-8.662663227536935,0.0,-32.985760483701796
