,sym_1,sym_2,hedge_ratio,std,p_value,trade_oppotunities_performance,cumulative_returns_performance,win_rate_performance,peak_loss_performace,recent_z_score,examine_trade_oppotunities,examine_returns,examine_win_rate,examine_peak_loss
51,LDOUSDT,TOMOUSDT,0.10306031667496962,0.01379676478587134,0.004231291716199418,1,5.359966444296054,1.0,-17.36119811132813,-0.744803333447858,0,0.0,0.0,-14.779820841545042
59,AAVEUSDT,ADAUSDT,267.82750134528476,1.4056319894376585,0.018653667479480433,1,7.398599672134487,1.0,-14.703179833464706,2.2897473651126754,0,0.0,0.0,-8.600223102874434
39,AVAXUSDT,AAVEUSDT,0.04786486510917236,0.11239412851872022,0.0013054300063845994,1,2.5434963479959096,1.0,-3.8545593932822966,0.26275747962644747,1,0.2093427300768187,1.0,-2.477249652840464
7,BNBUSDT,COMPUSDT,0.39743878064057003,1.665605016573089,2.4258241003178814e-07,1,13.077860546751499,1.0,-3.0429229295873266,-1.1676019246278113,1,3.532121368547255,1.0,-0.2336476997413824
