,sym_1,sym_2,hedge_ratio,std,p_value,trade_oppotunities_performance,cumulative_returns_performance,win_rate_performance,peak_loss_performace,recent_z_score,examine_trade_oppotunities,examine_returns,examine_win_rate,examine_peak_loss
2,CRVUSDT,XRPUSDT,3.9338892301093322,0.009062910679810696,0.016950936089527874,4,12.407402019925,1.0,-0.6756670241862655,1.939951592985906,2,45.232344199911395,1.0,-6.709620489403341
4,DOGEUSDT,LDOUSDT,0.019000525145683234,0.00022324375532080737,0.0009306479542901284,4,-2.5668023433905143,0.25,-1.8977978719640267,-2.090864662662291,3,13.382788239084682,1.0,-2.9339700339585737
1,ETHUSDT,AAVEUSDT,4.216025428040905,5.198147963331442,0.028107156090250617,4,1.377527692585785,0.75,-0.6296142449178865,-0.8943097411170494,3,4.265826602457649,0.6666666666666666,-3.5874385239151927
5,LDOUSDT,AAVEUSDT,0.017734244584596562,0.011496978563843088,0.0025069871044781995,5,0.6359186208563381,0.6,-6.272915914306795,0.7608370381841051,3,-6.41701822408835,0.3333333333333333,-11.336806474457497
0,BNBUSDT,COTIUSDT,684.5889374538358,0.4059223499836602,0.024498487487728437,4,1.7534647268738262,0.5,-1.9013328397494795,-1.9668658079320895,2,-12.794405238735045,0.0,-7.477402586599283
3,MKRUSDT,COMPUSDT,6.884999268399961,6.162506886889561,0.016495217297900034,4,-0.6722015486125077,0.5,-11.474234563054363,0.047537279223538106,3,-27.587302534715487,0.3333333333333333,-18.917140664764787
