,sym_1,sym_2,hedge_ratio,std,p_value,trade_oppotunities_performance,cumulative_returns_performance,win_rate_performance,peak_loss_performace,recent_z_score,examine_trade_oppotunities,examine_returns,examine_win_rate,examine_peak_loss
2,ETHUSDT,AAVEUSDT,4.216025428040905,6.181294991491992,0.028107156090250617,1,-0.6832738350423332,0.0,-0.4054905586738353,-1.4817154792343699,2,12.020742937591386,0.5,-10.796907352815857
5,DOGEUSDT,LDOUSDT,0.019000525145683234,0.00028168440372785034,0.0009306479542901284,1,-0.9539940868056376,0.0,-6.518759387395748,-2.702310513140184,1,5.559004050765604,1.0,-0.23850064011924402
1,ETHUSDT,LDOUSDT,233.6622841626727,4.516318750400306,0.014960649669197218,1,-1.7007587737342411,0.0,-1.5959021467935526,-2.745169732194679,1,4.5797398679044266,1.0,0.0
4,MKRUSDT,COMPUSDT,6.884999268399961,7.305855702847069,0.016495217297900034,2,27.577454124834667,1.0,-20.358534193507353,0.7693423470245264,1,4.380222099185718,1.0,-3.9363307889517993
6,LDOUSDT,SOLUSDT,0.1197903705395274,0.011564178522531186,0.020454401338681608,1,3.054506744910188,1.0,-3.09873699244803,3.1359357587873102,1,2.944880450102473,1.0,-0.2098314473923717
3,CRVUSDT,XRPUSDT,3.9338892301093322,0.012352808349103869,0.016950936089527874,0,0.0,0.0,-13.057618449370228,2.3057713274904192,0,0.0,0.0,-542.7109775830324
7,LDOUSDT,AAVEUSDT,0.017734244584596562,0.014974620415651873,0.0025069871044781995,1,-1.9738070021355174,0.0,-2.732533183464102,-0.06091887588498768,0,0.0,0.0,-36.693202243475724
0,BNBUSDT,COTIUSDT,684.5889374538358,0.5087693636136316,0.024498487487728437,1,1.5298835511169537,1.0,0.0,-1.2014264827717243,2,-0.7275962399076299,0.5,-17.80437107533673
