,sym_1,sym_2,hedge_ratio,std,p_value,trade_oppotunities_performance,cumulative_returns_performance,win_rate_performance,peak_loss_performace,recent_z_score,examine_trade_oppotunities,examine_returns,examine_win_rate,examine_peak_loss
26,CRVUSDT,FILUSDT,0.01856451456725261,0.007657554576296224,0.02663549949012435,2,24.025198115757227,1.0,-32.103218182384765,0.01729939067451366,0,0.0,0.0,-23.75962341081876
46,LDOUSDT,MATICUSDT,0.13342708965994943,0.008392414912734656,0.0030844756501965634,1,0.9609170798744049,1.0,-11.899028109086023,-0.6541130993762961,0,0.0,0.0,0.0
28,CRVUSDT,ETCUSDT,0.005897896368942952,0.007839022400426256,0.028359281124040313,1,0.26170230224771174,1.0,-10.16499353820657,0.011218308779847074,1,0.860646845922729,1.0,-1.5303915820012834
45,LDOUSDT,ETCUSDT,0.028120949529125326,0.008203273268411589,0.007295800531259219,1,1.323571991388511,1.0,-6.859681112943564,-0.6029383140782081,1,0.21549061935592717,1.0,-0.7044906920559526
