,sym_1,sym_2,hedge_ratio,std,p_value,trade_oppotunities_performance,cumulative_returns_performance,win_rate_performance,peak_loss_performace,recent_z_score,examine_trade_oppotunities,examine_returns,examine_win_rate,examine_peak_loss
71,APEUSDT,UNIUSDT,0.0315875622774901,0.00870013224867432,0.02579203369404953,1,8.931280938595432,1.0,-11.372867719872414,-0.8181178518198728,0,0.0,0.0,-8.72680036043933
3,APTUSDT,QTUMUSDT,0.4735122766323784,0.020849271977726458,0.007480455731192309,1,10.262289030910067,1.0,-4.568897597930915,-0.6439553160958119,0,0.0,0.0,0.0
0,LINKUSDT,BNBUSDT,0.04393997408272174,0.03839847605445951,8.207098982567635e-06,1,8.0424582827216,1.0,-1.1814373658913309,-2.1834255003482297,1,-7.44953559246093,0.0,-6.64953559246093
