,sym_1,sym_2,hedge_ratio,std,p_value,trade_oppotunities_performance,cumulative_returns_performance,win_rate_performance,peak_loss_performace,recent_z_score,examine_trade_oppotunities,examine_returns,examine_win_rate,examine_peak_loss
4,MKRUSDT,COMPUSDT,6.884999268399961,11.175534302567007,0.016495217297900034,2,9.244021469693877,1.0,-1.6019740854083362,0.4287929761172407,1,8.225308500343326,1.0,-1.8339289647088886
0,BNBUSDT,COTIUSDT,684.5889374538358,0.5961943881064468,0.024498487487728437,0,0.0,0.0,-14.230441747299437,-0.37551152545521943,0,0.0,0.0,-76.8378506471806
1,ETHUSDT,LDOUSDT,233.6622841626727,5.648109184741127,0.014960649669197218,1,0.08798015160396,1.0,0.0,-2.3805160637063794,0,0.0,0.0,-6.229922926797058
3,CRVUSDT,XRPUSDT,3.9338892301093322,0.014590364415604129,0.016950936089527874,1,36.53302602814321,1.0,-16.008999027293225,2.683776458691039,0,0.0,0.0,-28.185056541078243
5,DOGEUSDT,LDOUSDT,0.019000525145683234,0.00029704396870644696,0.0009306479542901284,1,4.224625364396208,1.0,-0.07049503829721174,-2.6228204182412096,0,0.0,0.0,-6.226951216374207
6,LDOUSDT,SOLUSDT,0.1197903705395274,0.011181932529830707,0.020454401338681608,1,1.0186225414321621,1.0,-0.000962833840714869,2.727103618324678,0,0.0,0.0,0.0
2,ETHUSDT,AAVEUSDT,4.216025428040905,8.411166791732537,0.028107156090250617,1,-0.16392149271792544,0.0,-0.6840648265068368,-1.6316844806552881,2,-2.9221027467639433,0.0,-9.235424117606534
7,LDOUSDT,AAVEUSDT,0.017734244584596562,0.017584456116508787,0.0025069871044781995,1,1.9030095995790728,1.0,-0.7896865613751536,-0.21243932582725347,1,-12.203187195996044,0.0,-32.35570127079693
