,sym_1,sym_2,hedge_ratio,std,p_value,trade_oppotunities_performance,cumulative_returns_performance,win_rate_performance,peak_loss_performace,recent_z_score,examine_trade_oppotunities,examine_returns,examine_win_rate,examine_peak_loss
10,BNBUSDT,XRPUSDT,91.77577108487765,1.897686751218416,3.5839644015446314e-06,1,6.154158589453678,1.0,-3.463314747053076,0.40062374537301715,0,0.0,0.0,-10.312075163766984
6,BNBUSDT,XLMUSDT,512.7972098155582,1.2129890489155144,3.357596787744022e-07,1,3.6977663841180255,1.0,-2.830289562363548,-0.404202214834481,0,0.0,0.0,-13.931150973286522
11,BNBUSDT,DOTUSDT,29.957878765058,0.9566758855915231,7.417481109246746e-07,1,2.346349166946366,1.0,-0.5232996880169278,-1.1502147858906442,0,0.0,0.0,-8.061688282331868
