,sym_1,sym_2,hedge_ratio,std,p_value,trade_oppotunities_performance,cumulative_returns_performance,win_rate_performance,peak_loss_performace,recent_z_score,examine_trade_oppotunities,examine_returns,examine_win_rate,examine_peak_loss
0,BNBUSDT,COTIUSDT,684.5889374538358,0.8983179651624766,0.024498487487728437,0,0,0,0.0,-0.006878876815908042,0,0,0,-64.35458841605069
1,ETHUSDT,LDOUSDT,233.6622841626727,7.442248959042105,0.014960649669197218,0,0,0,-2.92389662851811,-1.9103241373179083,0,0,0,-3.766155034542456
2,ETHUSDT,AAVEUSDT,4.216025428040905,12.730615909348836,0.028107156090250617,0,0,0,-5.7805980891266,-1.767606098629568,0,0,0,-2.594069934696127
3,CRVUSDT,XRPUSDT,3.9338892301093322,0.023989945273852252,0.016950936089527874,0,0,0,-6.846195645906191,1.4910193453638214,0,0,0,-3.3043881207934653
4,MKRUSDT,COMPUSDT,6.884999268399961,40.07582722695764,0.016495217297900034,0,0,0,0.0,0.32384990362452826,0,0,0,0.0
5,DOGEUSDT,LDOUSDT,0.019000525145683234,0.0003805955508609129,0.0009306479542901284,0,0,0,-22.2708627624542,-1.8194923687742166,0,0,0,-28.8526734631399
6,LDOUSDT,SOLUSDT,0.1197903705395274,0.014482045348074062,0.020454401338681608,0,0,0,0.0,1.1520141488823197,0,0,0,-3.5076201347259843
7,LDOUSDT,AAVEUSDT,0.017734244584596562,0.02612575313901336,0.0025069871044781995,0,0,0,0.0,-0.3599972763378734,0,0,0,-12.245319499100047
