,sym_1,sym_2,hedge_ratio,std,p_value,trade_oppotunities_performance,cumulative_returns_performance,win_rate_performance,peak_loss_performace,recent_z_score,examine_trade_oppotunities,examine_returns,examine_win_rate,examine_peak_loss
31,CRVUSDT,DOGEUSDT,0.4271205529146176,0.009415858625067835,0.027435109881607595,1,16.064050398067387,1.0,-5.399756370311639,0.2583293361068292,0,0.0,0.0,-43.26366006859799
41,CRVUSDT,MATICUSDT,0.04615731050925442,0.009274177267826145,0.02723686361579988,1,8.489461109989545,1.0,-5.231395488825283,0.1790799152950988,0,0.0,0.0,-3.484031015064761
2,APTUSDT,QTUMUSDT,0.4735122766323784,0.015142978301110959,0.007480455731192309,1,3.5042803295197613,1.0,-4.5438290387192515,-0.54818308178932,0,0.0,0.0,-2.0784507289130043
44,CRVUSDT,EOSUSDT,0.09341095257895722,0.00955431989134179,0.026589038956306148,1,8.876646625803655,1.0,-4.02359156098259,0.2664149408017994,0,0.0,0.0,-5.025865998011294
