,sym_1,sym_2,hedge_ratio,std,p_value,trade_oppotunities_performance,cumulative_returns_performance,win_rate_performance,peak_loss_performace,recent_z_score,examine_trade_oppotunities,examine_returns,examine_win_rate,examine_peak_loss
6,LDOUSDT,SOLUSDT,0.1197903705395274,0.011166921871020669,0.020454401338681608,0,0.0,0.0,-17.62688438204997,2.3211028348315432,1,12.540387924630753,1.0,-0.7232465741544352
5,DOGEUSDT,LDOUSDT,0.019000525145683234,0.00029700623742735376,0.0009306479542901284,1,-0.08872569892998183,0.0,-2.1285733907254847,-1.420857508511954,1,2.115771956170697,1.0,-22.715810302071386
0,BNBUSDT,COTIUSDT,684.5889374538358,0.6556953606456185,0.024498487487728437,1,-4.924097220201753,0.0,-4.224938165285635,-0.07016390735344116,1,1.5727880914658652,1.0,-82.27650799869606
1,ETHUSDT,LDOUSDT,233.6622841626727,6.688708026704416,0.014960649669197218,1,-0.21175576217156977,0.0,-0.20211637484289016,-1.9425647592989592,0,0.0,0.0,-22.031079300103944
3,CRVUSDT,XRPUSDT,3.9338892301093322,0.0166028671126071,0.016950936089527874,0,0.0,0.0,-26.796854256393907,1.8246556394743638,0,0.0,0.0,-19.792849884011517
4,MKRUSDT,COMPUSDT,6.884999268399961,18.12994575388547,0.016495217297900034,1,4.9239881794273135,1.0,-3.8376976721757936,0.2175822086916747,0,0.0,0.0,-23.557323040769827
2,ETHUSDT,AAVEUSDT,4.216025428040905,10.159430879048847,0.028107156090250617,1,-2.4378336157259763,0.0,-4.4382976833464225,-1.8091847408513586,1,-7.9737762157959935,0.0,-10.641475797195897
7,LDOUSDT,AAVEUSDT,0.017734244584596562,0.01955088741350729,0.0025069871044781995,1,0.9678144088147,1.0,-12.355781736500232,-0.5444910354108656,1,-23.247432095135032,0.0,-36.189601695042136
