,sym_1,sym_2,hedge_ratio,std,p_value,trade_oppotunities_performance,cumulative_returns_performance,win_rate_performance,peak_loss_performace,recent_z_score,examine_trade_oppotunities,examine_returns,examine_win_rate,examine_peak_loss
25,CRVUSDT,FILUSDT,0.01856451456725261,0.007657554576296224,0.02663549949012435,2,19.3697144550554,1.0,-15.957465279191819,0.01729939067451366,1,2.417889057456935,1.0,-23.75962341081876
17,FTMUSDT,AAVEUSDT,0.00208501014675505,0.00241414845992992,0.01947626523233379,2,11.779010153350434,1.0,-3.480766404133143,0.013380154279058271,1,6.96117124802739,1.0,-0.9316368966364295
27,CRVUSDT,ETCUSDT,0.005897896368942952,0.007839022400426256,0.028359281124040313,1,1.520682858087088,1.0,-10.16499353820657,0.011218308779847074,1,6.958373292638376,1.0,-1.120063765035774
21,CRVUSDT,OGNUSDT,0.49842028182439413,0.008087468344115336,0.02539445000829099,1,4.685056790635866,1.0,-9.274043914871626,0.1275475157257467,1,8.250364862002193,1.0,-8.189508690918412
