,sym_1,sym_2,hedge_ratio,std,p_value,trade_oppotunities_performance,cumulative_returns_performance,win_rate_performance,peak_loss_performace,recent_z_score,examine_trade_oppotunities,examine_returns,examine_win_rate,examine_peak_loss
29,CRVUSDT,LDOUSDT,0.07575118264822223,0.005302349626584556,0.017574106107658024,1,2.0725288954825833,1.0,-41.68310995767521,-0.19697608952990162,1,84.23209993337412,1.0,-172.89551444284513
33,CRVUSDT,MATICUSDT,0.04615731050925442,0.005350479272435518,0.02723686361579988,1,0.6495114778802162,1.0,-11.708731747354632,-0.18869378132178,2,13.363440453651238,1.0,-0.2763191355197375
26,CRVUSDT,OGNUSDT,0.49842028182439413,0.005406276964494876,0.02539445000829099,1,0.8937196267346047,1.0,-11.566714585414836,0.00897473805357203,2,1.0425752993862358,0.5,-56.18325753095696
27,CRVUSDT,OPUSDT,0.07813590633328077,0.005065939222288452,0.015713969685875784,1,8.353575885315342,1.0,-8.914569845609911,-0.09415576938547143,1,4.9507621342229475,1.0,-4.795725328971178
