,sym_1,sym_2,hedge_ratio,std,p_value,trade_oppotunities_performance,cumulative_returns_performance,win_rate_performance,peak_loss_performace,recent_z_score,examine_trade_oppotunities,examine_returns,examine_win_rate,examine_peak_loss
45,CRVUSDT,EOSUSDT,0.09341095257895722,0.00955431989134179,0.026589038956306148,1,8.876646625803655,1.0,-4.02359156098259,0.2664149408017994,0,0.0,0.0,0.0
2,APTUSDT,QTUMUSDT,0.4735122766323784,0.015142978301110959,0.007480455731192309,1,2.2844756085422944,1.0,-1.1213149319261466,-0.54818308178932,0,0.0,0.0,-2.0784507289130043
3,APTUSDT,DYDXUSDT,1.5683064128122808,0.03315024081352695,0.0023473522827542176,1,2.7995210153030046,1.0,-0.435643372613697,-0.5764521169258224,0,0.0,0.0,0.0
