,sym_1,sym_2,hedge_ratio,std,p_value,trade_oppotunities_performance,cumulative_returns_performance,win_rate_performance,peak_loss_performace,recent_z_score,examine_trade_oppotunities,examine_returns,examine_win_rate,examine_peak_loss
0,BNBUSDT,COTIUSDT,684.5889374538358,0.5087693636136316,0.024498487487728437,3,-6.661983633476461,0.3333333333333333,-6.802508894750277,-1.2014264827717243,2,21.081446214232653,0.5,-19.36187238177322
2,ETHUSDT,AAVEUSDT,4.216025428040905,6.181294991491992,0.028107156090250617,2,-0.0006115035183995587,0.5,-0.4416096430136376,-1.4817154792343699,2,20.80835588579547,0.5,-18.855615489742874
1,ETHUSDT,LDOUSDT,233.6622841626727,4.516318750400306,0.014960649669197218,1,-4.650880650079014,0.0,-4.439714541517211,-2.745169732194679,2,11.440560412892944,1.0,-0.9737632458279626
5,DOGEUSDT,LDOUSDT,0.019000525145683234,0.00028168440372785034,0.0009306479542901284,1,-0.42520396760823087,0.0,-6.586286138344679,-2.702310513140184,1,8.92309168608488,1.0,-2.8059126394910274
4,MKRUSDT,COMPUSDT,6.884999268399961,7.305855702847069,0.016495217297900034,2,25.03914245531742,0.5,-16.803799945512758,0.7693423470245264,1,5.091214710920077,1.0,-33.59093026351859
6,LDOUSDT,SOLUSDT,0.1197903705395274,0.011564178522531186,0.020454401338681608,2,4.553398693325624,0.5,-3.890974487613726,3.1359357587873102,2,3.314800790757813,0.5,-0.5671952079007498
3,CRVUSDT,XRPUSDT,3.9338892301093322,0.012352808349103869,0.016950936089527874,0,0.0,0.0,-26.22111393424642,2.3057713274904192,1,0.13672668472903693,1.0,-109.4686198637324
7,LDOUSDT,AAVEUSDT,0.017734244584596562,0.014974620415651873,0.0025069871044781995,2,-3.432685117876634,0.5,-3.8169868858882046,-0.06091887588498768,1,-2.444849597553099,0.0,-42.432114110354135
