,sym_1,sym_2,hedge_ratio,std,p_value,trade_oppotunities_performance,cumulative_returns_performance,win_rate_performance,peak_loss_performace,recent_z_score,examine_trade_oppotunities,examine_returns,examine_win_rate,examine_peak_loss
52,APEUSDT,SOLUSDT,0.023174397501170074,0.00581657820535702,0.016690745775649662,1,1.2494610225411822,1.0,-10.5362958677806,-0.04789089932924982,1,4.3057219681792605,1.0,-2.144524620856064
18,CRVUSDT,DOTUSDT,0.014882092460053842,0.009055573077371785,0.02902524697696181,1,8.151896205981114,1.0,-9.47972912608821,0.4403517137951936,1,31.881542962618806,1.0,-27.751574891218414
6,BNBUSDT,COMPUSDT,0.39743878064057003,1.5374438508357717,2.4258241003178814e-07,1,3.9429822378172332,1.0,-9.051113513937505,-0.9575853692298473,1,3.187984528133369,1.0,-5.9348357399868945
8,BNBUSDT,KNCUSDT,32.59705425094677,1.7271301161644463,8.36636924411944e-06,1,8.527700073330728,1.0,-9.019121533352234,-1.2366286715741064,1,6.908995504385001,1.0,-0.11562287476154631
