,sym_1,sym_2,hedge_ratio,std,p_value,trade_oppotunities_performance,cumulative_returns_performance,win_rate_performance,peak_loss_performace,recent_z_score,examine_trade_oppotunities,examine_returns,examine_win_rate,examine_peak_loss
0,BNBUSDT,COTIUSDT,684.5889374538358,0.6556953606456185,0.024498487487728437,1,-2.4532633138442725,0.0,-3.832082651056701,-0.07016390735344116,0,0.0,0.0,-43.59338682277425
1,ETHUSDT,LDOUSDT,233.6622841626727,6.688708026704416,0.014960649669197218,0,0.0,0.0,0.0,-1.9425647592989592,0,0.0,0.0,-8.702966695973853
3,CRVUSDT,XRPUSDT,3.9338892301093322,0.0166028671126071,0.016950936089527874,0,0.0,0.0,-16.98042223717263,1.8246556394743638,0,0.0,0.0,-33.19130871191191
4,MKRUSDT,COMPUSDT,6.884999268399961,18.12994575388547,0.016495217297900034,1,7.32539103922441,1.0,-0.01910052044747873,0.2175822086916747,0,0.0,0.0,-16.039090149749182
5,DOGEUSDT,LDOUSDT,0.019000525145683234,0.00029700623742735376,0.0009306479542901284,1,0.5168616282276519,1.0,-0.4995654227733617,-1.420857508511954,0,0.0,0.0,-11.504420888519903
6,LDOUSDT,SOLUSDT,0.1197903705395274,0.011166921871020669,0.020454401338681608,0,0.0,0.0,-4.952901843283649,2.3211028348315432,0,0.0,0.0,0.0
2,ETHUSDT,AAVEUSDT,4.216025428040905,10.159430879048847,0.028107156090250617,0,0.0,0.0,-1.062309306113653,-1.8091847408513586,1,-6.245304228337257,0.0,-9.316231501827954
7,LDOUSDT,AAVEUSDT,0.017734244584596562,0.01955088741350729,0.0025069871044781995,1,0.6230035766832729,1.0,-6.028574761492738,-0.5444910354108656,1,-15.799558453594415,0.0,-36.189601695042136
