,sym_1,sym_2,hedge_ratio,std,p_value,trade_oppotunities_performance,cumulative_returns_performance,win_rate_performance,peak_loss_performace,recent_z_score,examine_trade_oppotunities,examine_returns,examine_win_rate,examine_peak_loss
17,CRVUSDT,DOTUSDT,0.014882092460053842,0.009055573077371785,0.02902524697696181,1,7.63493691340556,1.0,-9.47972912608821,0.4403517137951936,1,21.220646442305068,1.0,-23.57549617726569
22,CRVUSDT,FILUSDT,0.01856451456725261,0.008559658645660674,0.02663549949012435,1,11.190279069974004,1.0,-9.39420450298332,0.5364190572900607,1,20.483705043705914,1.0,-6.23134639633078
8,BNBUSDT,AAVEUSDT,0.819996452025475,2.250514064668047,5.851076777529948e-06,1,3.8327138185775222,1.0,-7.210906911023077,-1.4366490166333643,1,4.52911116159607,1.0,0.0
4,BNBUSDT,SNXUSDT,16.260974591699803,1.3571227997399262,1.6137613906939369e-06,1,5.788993898517986,1.0,-7.009800625885493,-1.200972044558125,1,8.55318854110822,1.0,-7.589026576851836
