,sym_1,sym_2,hedge_ratio,std,p_value,trade_oppotunities_performance,cumulative_returns_performance,win_rate_performance,peak_loss_performace,recent_z_score,examine_trade_oppotunities,examine_returns,examine_win_rate,examine_peak_loss
2,CRVUSDT,XRPUSDT,3.9338892301093322,0.023989945273852252,0.016950936089527874,0,0,0,-7.372823909191917,1.4910193453638214,1,3.4706037197134743,1.0,-11.678048041630007
3,MKRUSDT,COMPUSDT,6.884999268399961,40.07582722695764,0.016495217297900034,0,0,0,-93.70417486933174,0.32384990362452826,1,1.4335558482996542,1.0,0.0
0,BNBUSDT,COTIUSDT,684.5889374538358,0.8983179651624766,0.024498487487728437,0,0,0,-4.499582244733863,-0.006878876815908042,0,0.0,0.0,-89.91664525947084
4,DOGEUSDT,LDOUSDT,0.019000525145683234,0.0003805955508609129,0.0009306479542901284,0,0,0,-25.02827649849892,-1.8194923687742166,0,0.0,0.0,-32.21773970425239
5,LDOUSDT,SOLUSDT,0.1197903705395274,0.014482045348074062,0.020454401338681608,0,0,0,0.0,1.1520141488823197,0,0.0,0.0,-16.2788405104551
6,LDOUSDT,AAVEUSDT,0.017734244584596562,0.02612575313901336,0.0025069871044781995,0,0,0,-10.678073006762604,-0.3599972763378734,0,0.0,0.0,-14.272343538429201
1,ETHUSDT,LDOUSDT,233.6622841626727,7.442248959042105,0.014960649669197218,0,0,0,-4.855972699876361,-1.9103241373179083,1,-3.7447505548583297,0.0,-9.156078044010975
