,sym_1,sym_2,hedge_ratio,std,p_value,trade_oppotunities_performance,cumulative_returns_performance,win_rate_performance,peak_loss_performace,recent_z_score,examine_trade_oppotunities,examine_returns,examine_win_rate,examine_peak_loss
2,CRVUSDT,XRPUSDT,3.9338892301093322,0.026395455512996595,0.016950936089527874,0,0,0,-3.3459772286457135,1.4852704089004483,1,1.8836749764019698,1.0,0.0
0,ETHUSDT,LDOUSDT,233.6622841626727,7.325539024398143,0.014960649669197218,0,0,0,-0.9603159173616388,-0.4227576370345863,1,0.453016184041645,1.0,-0.7288352704291416
1,ETHUSDT,AAVEUSDT,4.216025428040905,12.97399102876182,0.028107156090250617,0,0,0,0.0,-0.5234407616932968,0,0.0,0.0,0.0
3,MKRUSDT,COMPUSDT,6.884999268399961,44.280548581577264,0.016495217297900034,0,0,0,0.0,0.32322266268170213,0,0.0,0.0,0.0
4,DOGEUSDT,LDOUSDT,0.019000525145683234,0.0003791849721323403,0.0009306479542901284,0,0,0,-10.324885764517472,-1.460059019558621,0,0.0,0.0,-37.302092536875634
5,LDOUSDT,SOLUSDT,0.1197903705395274,0.01964678067901241,0.020454401338681608,0,0,0,0.0,0.7358390658869873,0,0.0,0.0,-2.6114132843023636
6,LDOUSDT,AAVEUSDT,0.017734244584596562,0.02761032440656637,0.0025069871044781995,0,0,0,0.0,-0.3489709816388009,0,0.0,0.0,-0.06494862979350478
