,sym_1,sym_2,hedge_ratio,std,p_value,trade_oppotunities_performance,cumulative_returns_performance,win_rate_performance,peak_loss_performace,recent_z_score,examine_trade_oppotunities,examine_returns,examine_win_rate,examine_peak_loss
0,BNBUSDT,COTIUSDT,684.5889374538358,0.6556953606456185,0.024498487487728437,1,-3.339736182352766,0.0,-4.224938165285635,-0.07016390735344116,1,1.1034802136097652,1.0,-72.9426586498454
1,ETHUSDT,LDOUSDT,233.6622841626727,6.688708026704416,0.014960649669197218,0,0.0,0.0,0.0,-1.9425647592989592,0,0.0,0.0,-14.325481141586629
3,CRVUSDT,XRPUSDT,3.9338892301093322,0.0166028671126071,0.016950936089527874,0,0.0,0.0,-20.604773607467116,1.8246556394743638,0,0.0,0.0,-31.60846424832684
4,MKRUSDT,COMPUSDT,6.884999268399961,18.12994575388547,0.016495217297900034,1,6.343687624970728,1.0,-1.4474130837614263,0.2175822086916747,0,0.0,0.0,-19.66021577062526
5,DOGEUSDT,LDOUSDT,0.019000525145683234,0.00029700623742735376,0.0009306479542901284,1,0.3758774063468975,1.0,-1.2022977374126986,-1.420857508511954,0,0.0,0.0,-21.869857142048588
6,LDOUSDT,SOLUSDT,0.1197903705395274,0.011166921871020669,0.020454401338681608,0,0.0,0.0,-11.9829754377675,2.3211028348315432,0,0.0,0.0,-0.022912092955724328
2,ETHUSDT,AAVEUSDT,4.216025428040905,10.159430879048847,0.028107156090250617,0,0.0,0.0,-3.540650803162948,-1.8091847408513586,1,-7.04327415343909,0.0,-9.755854102269504
7,LDOUSDT,AAVEUSDT,0.017734244584596562,0.01955088741350729,0.0025069871044781995,1,-0.5501408237515775,0.0,-9.85485060326872,-0.5444910354108656,1,-20.37342143908936,0.0,-36.189601695042136
