,sym_1,sym_2,hedge_ratio,std,p_value,trade_oppotunities_performance,cumulative_returns_performance,win_rate_performance,peak_loss_performace,recent_z_score,examine_trade_oppotunities,examine_returns,examine_win_rate,examine_peak_loss
41,CRVUSDT,EOSUSDT,0.09341095257895722,0.01110464395169898,0.026589038956306148,1,15.785750047510351,1.0,-14.512531291569793,0.3028607655260159,0,0.0,0.0,-11.442678982871163
34,CRVUSDT,LDOUSDT,0.07575118264822223,0.010734238501291021,0.017574106107658024,1,66.04155142027673,1.0,-7.2664960977855255,0.2084745130437804,0,0.0,0.0,-10.052158568352358
6,BNBUSDT,XLMUSDT,512.7972098155582,1.2129890489155144,3.357596787744022e-07,1,5.773282042472512,1.0,-2.6061724614439483,-0.404202214834481,0,0.0,0.0,-13.931150973286522
10,BNBUSDT,XRPUSDT,91.77577108487765,1.897686751218416,3.5839644015446314e-06,1,6.154158589453678,1.0,-2.2399216368744987,0.40062374537301715,0,0.0,0.0,-10.312075163766984
