,sym_1,sym_2,hedge_ratio,std,p_value,trade_oppotunities_performance,cumulative_returns_performance,win_rate_performance,peak_loss_performace,recent_z_score,examine_trade_oppotunities,examine_returns,examine_win_rate,examine_peak_loss
5,BNBUSDT,QTUMUSDT,6.425337288953798,1.7959629022157508,0.0039941466267060174,1,5.139687927452071,1.0,-10.199352525287686,-0.8971777543234866,0,0.0,0.0,-1.8773573383829496
8,BNBUSDT,MKRUSDT,0.0350676727545564,1.992720201342435,0.01958625290043046,1,9.388943434059778,1.0,-6.8697012380494655,-1.357000478931282,0,0.0,0.0,-0.08180353649598035
31,CRVUSDT,DOGEUSDT,0.4271205529146176,0.009415858625067835,0.027435109881607595,1,16.064050398067387,1.0,-5.399756370311639,0.2583293361068292,0,0.0,0.0,-55.825583480119974
41,CRVUSDT,MATICUSDT,0.04615731050925442,0.009274177267826145,0.02723686361579988,1,8.489461109989545,1.0,-5.231395488825283,0.1790799152950988,0,0.0,0.0,-40.08322336336352
