,sym_1,sym_2,hedge_ratio,std,p_value,trade_oppotunities_performance,cumulative_returns_performance,win_rate_performance,peak_loss_performace,recent_z_score,examine_trade_oppotunities,examine_returns,examine_win_rate,examine_peak_loss
44,LDOUSDT,ETCUSDT,0.028120949529125326,0.007172695432056406,0.007295800531259219,2,0.9740422269582043,1.0,-0.5233743535123888,0.25549718210249023,2,-0.37995720184935355,0.5,-1.7649430406225852
24,CRVUSDT,LDOUSDT,0.07575118264822223,0.005302349626584556,0.017574106107658024,1,2.0725288954825833,1.0,-41.68310995767521,-0.19697608952990162,1,9.12810034925462,1.0,-246.67465272823998
53,APEUSDT,SOLUSDT,0.023174397501170074,0.005339635377705866,0.016690745775649662,1,0.9131350808859727,1.0,-5.907192940179994,0.8673818663930636,2,5.812573719562069,1.0,-0.5457319073199175
