,sym_1,sym_2,hedge_ratio,std,p_value,trade_oppotunities_performance,cumulative_returns_performance,win_rate_performance,peak_loss_performace,recent_z_score,examine_trade_oppotunities,examine_returns,examine_win_rate,examine_peak_loss
2,APTUSDT,EOSUSDT,5.423505628710582,0.013513745973128096,0.02691186353429638,5,9.175481069240604,0.8,-0.9401055525558712,-0.24066104718574072,4,-7.390369085572283,0.25,-5.3867675800316945
7,QTUMUSDT,SOLUSDT,0.2710931597619066,0.030117101838456835,0.01571819505179447,3,8.81636106452404,1.0,-6.192982567830692,-1.0348169726661622,3,10.50793447909335,0.3333333333333333,-4.817956952761344
5,QTUMUSDT,FTMUSDT,22.11124480190276,0.033906922836311956,0.02920083051551406,3,6.357191333521656,1.0,-5.339731328489386,-1.6847367248705574,3,-55.3972680656061,0.3333333333333333,-53.951705930233736
