,sym_1,sym_2,hedge_ratio,std,p_value,trade_oppotunities_performance,cumulative_returns_performance,win_rate_performance,peak_loss_performace,recent_z_score,examine_trade_oppotunities,examine_returns,examine_win_rate,examine_peak_loss
22,APEUSDT,EOSUSDT,1.2787475216456876,0.004996786990353636,0.0013479377849902972,1,17.5151027650364,1.0,-13.144194851888408,-0.4383578833344078,0,0.0,0.0,-3.973994288251787
15,QTUMUSDT,FTMUSDT,22.11124480190276,0.03516524211395515,0.02920083051551406,1,1.5990193045069023,1.0,-7.538273275290963,-2.067902322877388,0,0.0,0.0,-6.328722488563145
17,QTUMUSDT,SOLUSDT,0.2710931597619066,0.02911458195282423,0.01571819505179447,1,17.508407263808124,1.0,-6.180648619479021,0.6997745330716822,0,0.0,0.0,-5.167241740613423
2,LINKUSDT,FTMUSDT,38.83491370236945,0.040085040652636766,0.012426346212957455,1,8.508976041956746,1.0,-5.293188141431759,-1.4865864917565657,1,5.189604489452998,1.0,-7.174931584257148
