,sym_1,sym_2,hedge_ratio,std,p_value,trade_oppotunities_performance,cumulative_returns_performance,win_rate_performance,peak_loss_performace,recent_z_score,examine_trade_oppotunities,examine_returns,examine_win_rate,examine_peak_loss
21,APEUSDT,EOSUSDT,1.2787475216456876,0.004996786990353636,0.0013479377849902972,1,17.5151027650364,1.0,-13.144194851888408,-0.4383578833344078,0,0.0,0.0,-1.5996612659800833
16,QTUMUSDT,SOLUSDT,0.2710931597619066,0.02911458195282423,0.01571819505179447,1,17.131623440341574,1.0,-4.817646838598073,0.6997745330716822,0,0.0,0.0,-4.21903425858674
3,LTCUSDT,QTUMUSDT,21.971487396162193,0.7031268536460639,0.02872230252499126,1,2.9696297926436994,1.0,-2.9348594387591262,1.5094403328693387,1,4.437115708863718,1.0,-4.336545636185356
0,LINKUSDT,MASKUSDT,3.3313251776037967,0.07185797853759307,0.008037524978152489,1,5.281993183980644,1.0,-2.5629726966554056,-0.5142472962502562,0,0.0,0.0,-1.6084335601678212
