,sym_1,sym_2,hedge_ratio,std,p_value,trade_oppotunities_performance,cumulative_returns_performance,win_rate_performance,peak_loss_performace,recent_z_score,examine_trade_oppotunities,examine_returns,examine_win_rate,examine_peak_loss
15,QTUMUSDT,FTMUSDT,22.11124480190276,0.05649869896296555,0.02920083051551406,1,7.729436216131675,1.0,-15.889974996186353,-1.9713589765565755,0,0.0,0.0,-0.14192378755944957
22,APEUSDT,EOSUSDT,1.2787475216456876,0.009920291333146274,0.0013479377849902972,1,5.546093682335769,1.0,-9.643594696769732,-0.023116924544965247,0,0.0,0.0,-3.6545713346865583
17,QTUMUSDT,SOLUSDT,0.2710931597619066,0.05453722653868986,0.01571819505179447,1,10.062101870558067,1.0,-5.383971378576581,0.882069975904624,0,0.0,0.0,-1.3790564239320184
7,APTUSDT,QTUMUSDT,0.5259026394827016,0.043032879964886264,0.00019960380841351096,1,3.5042803295197613,1.0,-4.5438290387192515,-0.3240358653813442,0,0.0,0.0,-2.0784507289130043
