,sym_1,sym_2,hedge_ratio,std,p_value,trade_oppotunities_performance,cumulative_returns_performance,win_rate_performance,peak_loss_performace,recent_z_score,examine_trade_oppotunities,examine_returns,examine_win_rate,examine_peak_loss
23,APEUSDT,EOSUSDT,1.2787475216456876,0.007240090861794409,0.0013479377849902972,1,12.224357927554054,1.0,-10.830517300935142,-0.41701375507301697,0,0.0,0.0,-3.0965494920262198
7,APTUSDT,QTUMUSDT,0.5259026394827016,0.02944032184162472,0.00019960380841351096,1,4.838272076161426,1.0,-9.33756411429494,-0.6018281394310667,0,0.0,0.0,-2.3780780305044056
14,BNBUSDT,UNIUSDT,26.214950693445882,2.6258507424709596,0.005977564199147395,1,2.3612478872565266,1.0,-7.836770569389246,-1.1113525121208825,1,-2.352108448828683,0.0,-2.1509130956764237
18,QTUMUSDT,SOLUSDT,0.2710931597619066,0.035657688014256575,0.01571819505179447,1,13.61039160686268,1.0,-5.5478500136558715,0.8613850698335933,0,0.0,0.0,-6.800045318044212
