,sym_1,sym_2,hedge_ratio,std,p_value,trade_oppotunities_performance,cumulative_returns_performance,win_rate_performance,peak_loss_performace,recent_z_score,examine_trade_oppotunities,examine_returns,examine_win_rate,examine_peak_loss
3,BNBUSDT,XRPUSDT,164.09425576283567,0.5771204783377715,0.006929633654233818,2,-8.751609130395128,0.0,-7.253273756089973,0.6050800266479806,1,0.5705924778191829,1.0,-39.441742563149134
4,COMPUSDT,LDOUSDT,32.22208516630065,0.7403649571208246,0.01982893564495921,1,0.5945490027696712,1.0,-6.456424784234099,-3.209629007608596,0,0.0,0.0,-14.210765066666568
5,COMPUSDT,EOSUSDT,229.80234819306241,0.714014615954819,0.002748657610896577,2,1.2397109881901995,0.5,-3.470156257612664,-1.5187726307932896,0,0.0,0.0,-24.131961617127526
6,DOGEUSDT,XRPUSDT,0.08335022284933535,0.00025591144343755767,0.02890016871453567,1,0.2620243982563861,1.0,-3.753893039750231,-1.3277345763768258,0,0.0,0.0,-13.381260240330292
7,SOLUSDT,EOSUSDT,50.7661083943044,0.09644102044900121,0.0008717892481166125,1,-0.15425831087760905,0.0,-0.1798662523307955,0.4785239691584491,0,0.0,0.0,-5.029491306091313
8,INJUSDT,MTLUSDT,5.188904128817669,0.14128861104433207,0.008110589664624464,0,0.0,0.0,-4.9645037866509885,-1.6477418982152559,1,-4.748028849382103,0.0,-5.883941843459617
0,LINKUSDT,INJUSDT,0.4732201158874072,0.023661625667367597,0.0071320969942926075,0,0.0,0.0,-2.457614232958997,0.8702996267889548,1,-9.041274438726093,0.0,-87.03680263627065
1,LINKUSDT,MTLUSDT,2.4791225528005705,0.06685620047483387,0.0008036250528918921,0,0.0,0.0,-16.41799122786845,-1.3327563312768005,2,-12.259788087089635,0.5,-48.14169193994297
2,LTCUSDT,CRVUSDT,43.097586467596905,1.0406681951039563,0.008762453620481397,4,8.372558084235026,0.5,-4.862251193278355,-1.8927187652270567,1,-27.612729689903635,0.0,-44.682391918686456
