,sym_1,sym_2,hedge_ratio,std,p_value,trade_oppotunities_performance,cumulative_returns_performance,win_rate_performance,peak_loss_performace,recent_z_score,examine_trade_oppotunities,examine_returns,examine_win_rate,examine_peak_loss
5,COMPUSDT,EOSUSDT,229.80234819306241,0.8198976960842909,0.002748657610896577,0,0,0,-2.182180900035992,-1.4782991540768566,1,5.16667056944432,1.0,-12.502240663315167
0,LINKUSDT,INJUSDT,0.4732201158874072,0.035307024771419004,0.0071320969942926075,0,0,0,-13.513428983521884,0.15493400560978735,0,0.0,0.0,0.0
1,LINKUSDT,MTLUSDT,2.4791225528005705,0.08635618895866227,0.0008036250528918921,0,0,0,-31.435427129961013,-1.0682070363941092,0,0.0,0.0,0.0
3,BNBUSDT,XRPUSDT,164.09425576283567,1.764002253630486,0.006929633654233818,0,0,0,-0.2935498458222279,0.47494209795369113,0,0.0,0.0,-0.12109043699240976
4,COMPUSDT,LDOUSDT,32.22208516630065,0.9132500205090693,0.01982893564495921,0,0,0,-10.228933261109574,-2.489177289890115,0,0.0,0.0,-2.1463757271062116
6,DOGEUSDT,XRPUSDT,0.08335022284933535,0.0003253144771146695,0.02890016871453567,0,0,0,-2.165449806795608,-1.3397888815250174,0,0.0,0.0,-15.026070166757203
7,SOLUSDT,EOSUSDT,50.7661083943044,0.1720791967376019,0.0008717892481166125,0,0,0,0.0,-0.15364388353690758,0,0.0,0.0,-7.846979462126544
8,INJUSDT,MTLUSDT,5.188904128817669,0.20767534770892596,0.008110589664624464,0,0,0,-3.3565199335352505,-1.664115727079809,0,0.0,0.0,-13.312231279686474
2,LTCUSDT,CRVUSDT,43.097586467596905,1.1107799228425363,0.008762453620481397,0,0,0,-14.585504328923637,-1.2818897836725565,1,-1.424002437949094,0.0,-7.007247753665435
