,sym_1,sym_2,hedge_ratio,std,p_value,trade_oppotunities_performance,cumulative_returns_performance,win_rate_performance,peak_loss_performace,recent_z_score,examine_trade_oppotunities,examine_returns,examine_win_rate,examine_peak_loss
2,BNBUSDT,XRPUSDT,164.09425576283567,0.7406775433338243,0.006929633654233818,0,0.0,0.0,-3.960996684151942,0.7574315671323052,0,0.0,0.0,-31.729630937786823
3,COMPUSDT,LDOUSDT,32.22208516630065,0.7612026321021147,0.01982893564495921,0,0.0,0.0,-17.73765005607035,-2.9314899147667273,0,0.0,0.0,-7.22439691416838
4,COMPUSDT,EOSUSDT,229.80234819306241,0.7420284038215973,0.002748657610896577,1,-2.3835391439022815,0.0,-3.736869487542557,-1.3433868596175278,0,0.0,0.0,-22.055099677419456
5,DOGEUSDT,XRPUSDT,0.08335022284933535,0.00025056121093016467,0.02890016871453567,0,0.0,0.0,-0.7459026098005009,-1.1670066184897432,0,0.0,0.0,-8.726362015071603
6,SOLUSDT,EOSUSDT,50.7661083943044,0.1138009432148416,0.0008717892481166125,1,-0.8346220685986862,0.0,-2.6252408518830723,0.15863047690974932,0,0.0,0.0,-3.7351653341203797
7,INJUSDT,MTLUSDT,5.188904128817669,0.16121804164141287,0.008110589664624464,0,0.0,0.0,-1.0451041182037706,-1.8132009333071732,0,0.0,0.0,-24.019688470852902
1,LTCUSDT,CRVUSDT,43.097586467596905,1.0501299999256928,0.008762453620481397,1,3.318996377355999,1.0,0.0,-0.8885519872118081,1,-12.917324944074089,0.0,-23.698168786630273
0,LINKUSDT,INJUSDT,0.4732201158874072,0.02533164079448212,0.0071320969942926075,0,0.0,0.0,-0.5516787526788757,0.6717613563217967,1,-13.517132752158536,0.0,-170.7643940422116
