,sym_1,sym_2,hedge_ratio,std,p_value,trade_oppotunities_performance,cumulative_returns_performance,win_rate_performance,peak_loss_performace,recent_z_score,examine_trade_oppotunities,examine_returns,examine_win_rate,examine_peak_loss
2,COMPUSDT,LDOUSDT,32.22208516630065,0.6130946195435043,0.01982893564495921,2,-16.321521399757227,0.0,-11.8436244462128,-2.288670348516098,2,71.3225366854283,1.0,-207.14987474999782
1,LINKUSDT,MTLUSDT,2.4791225528005705,0.04111643348756037,0.0008036250528918921,3,-4.5361499627084365,0.3333333333333333,-4.587563047267336,-0.7183785533873844,4,10.456092702925496,0.75,-6.818882128809811
0,LINKUSDT,INJUSDT,0.4732201158874072,0.02362080029473206,0.0071320969942926075,1,1.920850588905782,1.0,-5.504862319096585,0.37623314583741807,2,9.765530063052108,0.5,-11.720208818454736
5,SOLUSDT,EOSUSDT,50.7661083943044,0.07884703019312754,0.0008717892481166125,2,-0.9053053803216214,0.5,-1.3183762540892268,-0.0771710020829263,2,0.48564915826723265,0.5,-3.8733668014734985
4,DOGEUSDT,XRPUSDT,0.08335022284933535,0.00024464509940380484,0.02890016871453567,3,2.740072290640689,1.0,-0.47748441418591914,-0.5172101000391468,2,-0.4326048022806718,0.5,-0.748713932971845
6,INJUSDT,MTLUSDT,5.188904128817669,0.06845028384239105,0.008110589664624464,3,-13.346869671418837,0.0,-24.061903413508198,-0.8083219376026717,2,-13.516893006447567,0.0,-10.282566304394276
3,COMPUSDT,EOSUSDT,229.80234819306241,0.5841412741273784,0.002748657610896577,1,-1.6884494935541177,0.0,-12.776993677119462,-0.9836606289415012,2,-20.20181603127345,0.0,-18.21422351805434
