,sym_1,sym_2,hedge_ratio,std,p_value,trade_oppotunities_performance,cumulative_returns_performance,win_rate_performance,peak_loss_performace,recent_z_score,examine_trade_oppotunities,examine_returns,examine_win_rate,examine_peak_loss
2,COMPUSDT,LDOUSDT,32.22208516630065,0.6130946195435043,0.01982893564495921,2,-33.144400665123285,0.0,-26.78873769962755,-2.288670348516098,2,77.71386164523659,1.0,-198.19214212313216
1,LINKUSDT,MTLUSDT,2.4791225528005705,0.04111643348756037,0.0008036250528918921,3,-5.439703380498805,0.3333333333333333,-7.531723619785446,-0.7183785533873844,4,18.008848326536683,0.75,-6.818882128809811
0,LINKUSDT,INJUSDT,0.4732201158874072,0.02362080029473206,0.0071320969942926075,1,2.012520829113787,1.0,-7.895054088022816,0.37623314583741807,3,7.081188433336371,0.6666666666666666,-22.5873968424709
4,DOGEUSDT,XRPUSDT,0.08335022284933535,0.00024464509940380484,0.02890016871453567,4,2.901938182004671,0.75,-0.47748441418591914,-0.5172101000391468,2,-0.5421857894430968,0.5,-1.54705225504838
5,SOLUSDT,EOSUSDT,50.7661083943044,0.07884703019312754,0.0008717892481166125,3,-1.454204726704518,0.3333333333333333,-1.3183762540892268,-0.0771710020829263,3,-1.1914424400859653,0.6666666666666666,-6.80799726366799
6,INJUSDT,MTLUSDT,5.188904128817669,0.06845028384239105,0.008110589664624464,3,-15.543557924645066,0.0,-24.061903413508198,-0.8083219376026717,2,-18.584097144248652,0.0,-13.040695209533213
3,COMPUSDT,EOSUSDT,229.80234819306241,0.5841412741273784,0.002748657610896577,1,-4.087344583700716,0.0,-15.776567089180448,-0.9836606289415012,2,-35.88252965142814,0.0,-33.426594618026286
