,sym_1,sym_2,hedge_ratio,std,p_value,trade_oppotunities_performance,cumulative_returns_performance,win_rate_performance,peak_loss_performace,recent_z_score,examine_trade_oppotunities,examine_returns,examine_win_rate,examine_peak_loss
2,COMPUSDT,LDOUSDT,32.22208516630065,0.6130946195435043,0.01982893564495921,2,-11.805857873085891,0.0,-10.843999681462686,-2.288670348516098,2,91.06696823840596,1.0,-195.80987648778904
0,LINKUSDT,INJUSDT,0.4732201158874072,0.02362080029473206,0.0071320969942926075,1,0.3946202428539993,1.0,-4.517174110796226,0.37623314583741807,1,12.894169704168696,1.0,-1.9017184575252395
5,SOLUSDT,EOSUSDT,50.7661083943044,0.07884703019312754,0.0008717892481166125,1,-0.8728452172131145,0.0,-1.1782761916282003,-0.0771710020829263,2,0.8637680469152769,0.5,-2.239775557144437
1,LINKUSDT,MTLUSDT,2.4791225528005705,0.04111643348756037,0.0008036250528918921,1,-0.0022267897500947986,0.0,-1.0777367160568851,-0.7183785533873844,3,0.5315614263783994,0.6666666666666666,-6.818882128809811
4,DOGEUSDT,XRPUSDT,0.08335022284933535,0.00024464509940380484,0.02890016871453567,2,2.1282380807642096,1.0,-0.29889647653166646,-0.5172101000391468,1,-0.0863669831420287,0.0,-0.2305618471095756
6,INJUSDT,MTLUSDT,5.188904128817669,0.06845028384239105,0.008110589664624464,1,0.16599398400231846,1.0,-2.686220260656748,-0.8083219376026717,2,-8.804549333729204,0.0,-6.335556016459705
3,COMPUSDT,EOSUSDT,229.80234819306241,0.5841412741273784,0.002748657610896577,0,0.0,0.0,-7.247407669319002,-0.9836606289415012,2,-15.292387066811914,0.0,-13.580388339546282
