,sym_1,sym_2,hedge_ratio,std,p_value,trade_oppotunities_performance,cumulative_returns_performance,win_rate_performance,peak_loss_performace,recent_z_score,examine_trade_oppotunities,examine_returns,examine_win_rate,examine_peak_loss
13,QTUMUSDT,ETCUSDT,0.7069906565663605,0.03214566381575269,0.0032911010628713815,1,164.50918397240733,1.0,-14.157489490880424,-0.9238133415226408,2,4.4193487917680585,1.0,-3.088295941860998
0,LINKUSDT,MASKUSDT,3.3313251776037967,0.06651399344057837,0.008037524978152489,1,0.7844588497586709,1.0,-3.6516966915379707,-2.197661164062982,1,-1.5251444735086013,0.0,-1.097287259596311
9,MASKUSDT,UNIUSDT,0.3420345650567773,0.03029009570358565,0.02203688319085576,1,3.524758142551858,1.0,-1.1323209487185517,0.5269553665841904,2,-1.6583774440231158,0.5,-3.1812210460471966
12,GALAUSDT,QTUMUSDT,0.0016763461354682688,8.993153124386603e-05,0.0032594259144493936,1,1.6613878985701915,1.0,-0.9406501188755889,1.5662451212982453,2,1.1210392224984496,0.5,-1.4844579591753053
