,sym_1,sym_2,hedge_ratio,std,p_value,trade_oppotunities_performance,cumulative_returns_performance,win_rate_performance,peak_loss_performace,recent_z_score,examine_trade_oppotunities,examine_returns,examine_win_rate,examine_peak_loss
0,LINKUSDT,INJUSDT,0.4732201158874072,0.0342682501563946,0.0071320969942926075,0,0,0,-1.7137170398875154,0.30588325354293455,0,0.0,0.0,-20.695899098113074
1,LINKUSDT,MTLUSDT,2.4791225528005705,0.09103417578440068,0.0008036250528918921,0,0,0,0.0,-1.0593802756185542,0,0.0,0.0,-18.57576752630679
3,BNBUSDT,XRPUSDT,164.09425576283567,2.0400893424545137,0.006929633654233818,0,0,0,0.0,0.44691859194876266,0,0.0,0.0,-27.29572895097148
4,COMPUSDT,LDOUSDT,32.22208516630065,1.2790845831154947,0.01982893564495921,0,0,0,0.0,-2.1444546328149108,0,0.0,0.0,-3.339814359237616
5,COMPUSDT,EOSUSDT,229.80234819306241,0.9375835659714619,0.002748657610896577,0,0,0,0.0,-1.6501873818589314,0,0.0,0.0,-6.782456611033937
6,DOGEUSDT,XRPUSDT,0.08335022284933535,0.000334462180555514,0.02890016871453567,0,0,0,-12.121058241233847,-1.1059504997298597,0,0.0,0.0,-16.70515405791954
7,SOLUSDT,EOSUSDT,50.7661083943044,0.16739458114914174,0.0008717892481166125,0,0,0,0.0,-0.389539725440094,0,0.0,0.0,-8.65726987377519
8,INJUSDT,MTLUSDT,5.188904128817669,0.21714542990815625,0.008110589664624464,0,0,0,0.0,-1.7628272671692407,0,0.0,0.0,-18.568792788875975
2,LTCUSDT,CRVUSDT,43.097586467596905,1.1032846506856313,0.008762453620481397,0,0,0,-14.114596262435871,-1.4885849817469987,1,-148.13619909915096,0.0,-174.1112091289868
