,sym_1,sym_2,hedge_ratio,std,p_value,trade_oppotunities_performance,cumulative_returns_performance,win_rate_performance,peak_loss_performace,recent_z_score,examine_trade_oppotunities,examine_returns,examine_win_rate,examine_peak_loss
3,BNBUSDT,XRPUSDT,164.09425576283567,1.486587501519808,0.006929633654233818,1,7.277091588688186,1.0,-1.3989234832856994,1.122495044635883,1,59.67865273942608,1.0,-0.46114509349030053
4,COMPUSDT,LDOUSDT,32.22208516630065,0.7311413989637229,0.01982893564495921,0,0.0,0.0,-60.20359212914426,-2.6684998134622164,1,35.15785685978608,1.0,-2.611196768839691
5,COMPUSDT,EOSUSDT,229.80234819306241,0.7501213604793319,0.002748657610896577,0,0.0,0.0,-7.839384570624063,-1.4323863282741371,1,6.1867570867566775,1.0,-14.647675446942175
0,LINKUSDT,INJUSDT,0.4732201158874072,0.03522824200125047,0.0071320969942926075,0,0.0,0.0,-39.79340510091165,0.49684183297578643,0,0.0,0.0,-15.238585366525143
1,LINKUSDT,MTLUSDT,2.4791225528005705,0.0754325457252811,0.0008036250528918921,0,0.0,0.0,-53.464779981923314,-1.0630219425664527,0,0.0,0.0,-24.03982813902539
6,DOGEUSDT,XRPUSDT,0.08335022284933535,0.0002658995049970818,0.02890016871453567,0,0.0,0.0,-6.5603678559341105,-1.4310881483017666,0,0.0,0.0,-11.271970259789047
7,SOLUSDT,EOSUSDT,50.7661083943044,0.17087131385781823,0.0008717892481166125,0,0.0,0.0,-1.1699814037025869,0.11680212928155619,0,0.0,0.0,-8.191982672721267
8,INJUSDT,MTLUSDT,5.188904128817669,0.19401933278113107,0.008110589664624464,1,-9.136848676257165,0.0,-29.270104911669513,-1.8527466400134096,0,0.0,0.0,-3.3435839873352746
2,LTCUSDT,CRVUSDT,43.097586467596905,1.0954157726230815,0.008762453620481397,0,0.0,0.0,-25.40301042688593,-1.0416787008764599,1,-37.57712870661364,0.0,-54.16509539697236
