,sym_1,sym_2,hedge_ratio,std,p_value,trade_oppotunities_performance,cumulative_returns_performance,win_rate_performance,peak_loss_performace,recent_z_score,examine_trade_oppotunities,examine_returns,examine_win_rate,examine_peak_loss
3,BNBUSDT,XRPUSDT,164.09425576283567,1.764002253630486,0.006929633654233818,0,0.0,0.0,-0.7459738176925826,0.47494209795369113,1,60.956561270211196,1.0,-2.6375430775142688
5,COMPUSDT,EOSUSDT,229.80234819306241,0.8198976960842909,0.002748657610896577,0,0.0,0.0,-3.567183247371701,-1.4782991540768566,1,5.3687473108851975,1.0,-16.389145920227215
0,LINKUSDT,INJUSDT,0.4732201158874072,0.035307024771419004,0.0071320969942926075,1,0.28815803893927183,1.0,-14.213341993460944,0.15493400560978735,0,0.0,0.0,0.0
1,LINKUSDT,MTLUSDT,2.4791225528005705,0.08635618895866227,0.0008036250528918921,0,0.0,0.0,-38.19713280162804,-1.0682070363941092,0,0.0,0.0,0.0
4,COMPUSDT,LDOUSDT,32.22208516630065,0.9132500205090693,0.01982893564495921,0,0.0,0.0,-16.257201262803573,-2.489177289890115,0,0.0,0.0,-2.1463757271062116
6,DOGEUSDT,XRPUSDT,0.08335022284933535,0.0003253144771146695,0.02890016871453567,0,0.0,0.0,-7.469447237661457,-1.3397888815250174,0,0.0,0.0,-15.026070166757203
7,SOLUSDT,EOSUSDT,50.7661083943044,0.1720791967376019,0.0008717892481166125,1,-1.2769538984002708,0.0,-4.922731852197533,-0.15364388353690758,0,0.0,0.0,-8.91820158642511
8,INJUSDT,MTLUSDT,5.188904128817669,0.20767534770892596,0.008110589664624464,0,0.0,0.0,-9.675670879469175,-1.664115727079809,0,0.0,0.0,-29.185217594271002
2,LTCUSDT,CRVUSDT,43.097586467596905,1.1107799228425363,0.008762453620481397,0,0.0,0.0,-32.99606267300707,-1.2818897836725565,1,-63.67685156514038,0.0,-73.17684865040013
