,sym_1,sym_2,hedge_ratio,std,p_value,trade_oppotunities_performance,cumulative_returns_performance,win_rate_performance,peak_loss_performace,recent_z_score,examine_trade_oppotunities,examine_returns,examine_win_rate,examine_peak_loss
9,APTUSDT,EOSUSDT,5.423505628710582,0.025840945046038153,0.02691186353429638,1,1.5752971187311162,1.0,-6.288402929067274,-1.2342241133869454,0,0.0,0.0,-3.151085807114931
6,APTUSDT,QTUMUSDT,0.5259026394827016,0.048175097510401076,0.00019960380841351096,1,10.262289030910067,1.0,-4.568897597930915,-0.39971365087163796,0,0.0,0.0,-0.700413024447768
12,BNBUSDT,UNIUSDT,26.214950693445882,3.1080737884482263,0.005977564199147395,1,0.08542922674470899,1.0,-4.037435650804863,-1.2843295149191927,1,-3.953095987291757,0.0,-4.411794954304085
13,GALAUSDT,QTUMUSDT,0.0016763461354682688,0.00014715708929898132,0.0032594259144493936,1,9.925045928599705,1.0,-3.8305601326344143,-0.5377012597104192,1,6.428354826948952,1.0,-0.1202587693004531
