,sym_1,sym_2,hedge_ratio,std,p_value,trade_oppotunities_performance,cumulative_returns_performance,win_rate_performance,peak_loss_performace,recent_z_score,examine_trade_oppotunities,examine_returns,examine_win_rate,examine_peak_loss
7,QTUMUSDT,SOLUSDT,0.2710931597619066,0.030117101838456835,0.01571819505179447,3,8.81636106452404,1.0,-6.192982567830692,-1.0348169726661622,3,10.50793447909335,0.3333333333333333,-4.817956952761344
8,APEUSDT,EOSUSDT,1.2787475216456876,0.004841105318781802,0.0013479377849902972,2,-4.737494042501596,0.0,-8.839369630457249,0.4864125138162152,2,6.342195882255701,1.0,-2.2502264146416797
6,QTUMUSDT,ETCUSDT,0.7069906565663605,0.03214566381575269,0.0032911010628713815,4,6.710101672672355,0.75,-1.8115939316449956,-0.9238133415226408,2,6.274850605543106,1.0,-4.165153310289727
4,BNBUSDT,UNIUSDT,26.214950693445882,1.521195618938898,0.005977564199147395,4,-3.0215670623543,0.0,-1.1199994504370046,-0.8385973195702311,4,1.9486227068003537,0.5,-10.702027354562613
3,MASKUSDT,ADAUSDT,8.431737078846464,0.014379806381771169,0.015861711768109077,3,1.911420177146781,1.0,-0.4874422915026986,1.4829848496892717,2,-2.721841922976777,0.0,-2.745270136329959
1,APTUSDT,SOLUSDT,0.15991552835742223,0.011715995457430921,0.004233045331270594,4,4.132745848458978,0.5,-2.2856836378539556,0.30884539764329616,3,-3.831615554483945,0.3333333333333333,-3.985054643382072
0,APTUSDT,QTUMUSDT,0.5259026394827016,0.015160597513521121,0.00019960380841351096,2,0.3344894753395373,0.5,-2.723092520406355,0.7244807579553295,2,-7.087125238862472,0.0,-5.111088955332082
2,APTUSDT,EOSUSDT,5.423505628710582,0.013513745973128096,0.02691186353429638,5,9.175481069240604,0.8,-0.9401055525558712,-0.24066104718574072,4,-7.390369085572283,0.25,-5.3867675800316945
5,QTUMUSDT,FTMUSDT,22.11124480190276,0.033906922836311956,0.02920083051551406,3,6.357191333521656,1.0,-5.339731328489386,-1.6847367248705574,3,-55.3972680656061,0.3333333333333333,-53.951705930233736
