,sym_1,sym_2,hedge_ratio,std,p_value,trade_oppotunities_performance,cumulative_returns_performance,win_rate_performance,peak_loss_performace,recent_z_score,examine_trade_oppotunities,examine_returns,examine_win_rate,examine_peak_loss
0,LINKUSDT,INJUSDT,0.4732201158874072,0.023137260566809172,0.0071320969942926075,1,8.11705861645522,1.0,-7.399220361178098,0.5967535858306003,1,98.75395829796385,1.0,-38.827745722089006
7,SOLUSDT,EOSUSDT,50.7661083943044,0.08429690221334145,0.0008717892481166125,1,0.04134917194755666,1.0,-0.41719450803717717,0.4021413869720863,1,3.388341876510725,1.0,-5.003081842469147
5,COMPUSDT,EOSUSDT,229.80234819306241,0.6309704804627226,0.002748657610896577,1,5.311920170745425,1.0,-1.2340222732958694,-1.4286288238981921,1,2.217670434695601,1.0,-6.934806738595076
3,BNBUSDT,XRPUSDT,164.09425576283567,0.5459605280535162,0.006929633654233818,2,-6.673074686219149,0.0,-3.3031680112868997,0.14505383667159683,0,0.0,0.0,-6.995949013366191
4,COMPUSDT,LDOUSDT,32.22208516630065,0.6609689690962639,0.01982893564495921,2,4.381663499767403,0.5,-2.663578889046083,-2.685885123513948,0,0.0,0.0,-27.97536629726639
8,INJUSDT,MTLUSDT,5.188904128817669,0.10475603161328027,0.008110589664624464,2,-3.5571489672282666,0.0,-14.816477871794358,-1.4239335620842677,0,0.0,0.0,-1.1545668185836035
1,LINKUSDT,MTLUSDT,2.4791225528005705,0.05537734633774448,0.0008036250528918921,0,0.0,0.0,-14.7538977100997,-1.309755945123047,1,-3.160229361908542,0.0,-7.747781519065631
6,DOGEUSDT,XRPUSDT,0.08335022284933535,0.00025021705665390293,0.02890016871453567,0,0.0,0.0,-0.960750375446942,-1.1598379038964144,1,-5.366917096431086,0.0,-3.6869170964310856
2,LTCUSDT,CRVUSDT,43.097586467596905,0.9930339546028729,0.008762453620481397,0,0.0,0.0,0.0,-1.6748182194781038,1,-12.973784376069057,0.0,-12.093784376069056
