,sym_1,sym_2,hedge_ratio,std,p_value,trade_oppotunities_performance,cumulative_returns_performance,win_rate_performance,peak_loss_performace,recent_z_score,examine_trade_oppotunities,examine_returns,examine_win_rate,examine_peak_loss
3,BNBUSDT,XRPUSDT,164.09425576283567,1.486587501519808,0.006929633654233818,1,4.279941380967244,1.0,-0.9828060546601527,1.122495044635883,1,50.085470752989835,1.0,-1.134210624955564
4,COMPUSDT,LDOUSDT,32.22208516630065,0.7311413989637229,0.01982893564495921,0,0.0,0.0,-53.98247603393539,-2.6684998134622164,1,30.49032429218284,1.0,-1.1234165014781619
5,COMPUSDT,EOSUSDT,229.80234819306241,0.7501213604793319,0.002748657610896577,0,0.0,0.0,-7.62559729720787,-1.4323863282741371,1,5.739036336034201,1.0,-7.496994956363589
0,LINKUSDT,INJUSDT,0.4732201158874072,0.03522824200125047,0.0071320969942926075,0,0.0,0.0,-39.76317739262346,0.49684183297578643,0,0.0,0.0,-57.62788604779443
1,LINKUSDT,MTLUSDT,2.4791225528005705,0.0754325457252811,0.0008036250528918921,0,0.0,0.0,-36.851711340246716,-1.0630219425664527,0,0.0,0.0,-37.535865362749156
6,DOGEUSDT,XRPUSDT,0.08335022284933535,0.0002658995049970818,0.02890016871453567,0,0.0,0.0,-6.376269090271116,-1.4310881483017666,0,0.0,0.0,-10.644113802121453
7,SOLUSDT,EOSUSDT,50.7661083943044,0.17087131385781823,0.0008717892481166125,0,0.0,0.0,-1.0915662364363241,0.11680212928155619,0,0.0,0.0,-8.191982672721267
8,INJUSDT,MTLUSDT,5.188904128817669,0.19401933278113107,0.008110589664624464,1,-7.519746547986072,0.0,-22.14074652544853,-1.8527466400134096,0,0.0,0.0,0.0
2,LTCUSDT,CRVUSDT,43.097586467596905,1.0954157726230815,0.008762453620481397,0,0.0,0.0,-12.63296800493241,-1.0416787008764599,1,-34.0970369779109,0.0,-49.935432559534455
