,sym_1,sym_2,hedge_ratio,std,p_value,trade_oppotunities_performance,cumulative_returns_performance,win_rate_performance,peak_loss_performace,recent_z_score,examine_trade_oppotunities,examine_returns,examine_win_rate,examine_peak_loss
3,BNBUSDT,XRPUSDT,164.09425576283567,0.7406775433338243,0.006929633654233818,0,0.0,0.0,-14.941909141303105,0.7574315671323052,1,5.526152382594804,1.0,-38.62151460270783
4,COMPUSDT,LDOUSDT,32.22208516630065,0.7612026321021147,0.01982893564495921,0,0.0,0.0,-38.00341019411663,-2.9314899147667273,0,0.0,0.0,-12.039445073652159
5,COMPUSDT,EOSUSDT,229.80234819306241,0.7420284038215973,0.002748657610896577,1,-3.1554475607452854,0.0,-4.200916031690029,-1.3433868596175278,0,0.0,0.0,-28.33748135018341
6,DOGEUSDT,XRPUSDT,0.08335022284933535,0.00025056121093016467,0.02890016871453567,0,0.0,0.0,-2.9945567459037483,-1.1670066184897432,0,0.0,0.0,-12.149103513229385
7,SOLUSDT,EOSUSDT,50.7661083943044,0.1138009432148416,0.0008717892481166125,1,-0.33221559257078304,0.0,-3.441317262005877,0.15863047690974932,0,0.0,0.0,-6.223997984796405
8,INJUSDT,MTLUSDT,5.188904128817669,0.16121804164141287,0.008110589664624464,1,-7.113697848975819,0.0,-6.233697848975819,-1.8132009333071732,0,0.0,0.0,-31.315109524742407
2,LTCUSDT,CRVUSDT,43.097586467596905,1.0501299999256928,0.008762453620481397,2,9.719047083375905,1.0,-2.871366072225039,-0.8885519872118081,2,-13.654685152388042,0.5,-28.32150399731178
0,LINKUSDT,INJUSDT,0.4732201158874072,0.02533164079448212,0.0071320969942926075,1,-5.958200967249488,0.0,-16.60706651504217,0.6717613563217967,1,-14.053135913900213,0.0,-169.93764264264286
1,LINKUSDT,MTLUSDT,2.4791225528005705,0.07175940304608569,0.0008036250528918921,0,0.0,0.0,-6.673608552526151,-1.030481237134581,1,-25.393017480069965,0.0,-52.97582615655162
