,sym_1,sym_2,hedge_ratio,std,p_value,trade_oppotunities_performance,cumulative_returns_performance,win_rate_performance,peak_loss_performace,recent_z_score,examine_trade_oppotunities,examine_returns,examine_win_rate,examine_peak_loss
3,BNBUSDT,XRPUSDT,164.09425576283567,1.486587501519808,0.006929633654233818,1,1.6167589232710293,1.0,-0.8014076569622737,1.122495044635883,1,44.77127412479556,1.0,-0.13358256293177026
4,COMPUSDT,LDOUSDT,32.22208516630065,0.7311413989637229,0.01982893564495921,0,0.0,0.0,-30.404332158209243,-2.6684998134622164,1,28.01411532952233,1.0,-1.1234165014781619
5,COMPUSDT,EOSUSDT,229.80234819306241,0.7501213604793319,0.002748657610896577,0,0.0,0.0,-7.452621332571866,-1.4323863282741371,1,3.5644146575651363,1.0,-4.468051449355176
0,LINKUSDT,INJUSDT,0.4732201158874072,0.03522824200125047,0.0071320969942926075,0,0.0,0.0,-20.725424129281805,0.49684183297578643,0,0.0,0.0,-37.183675701093435
1,LINKUSDT,MTLUSDT,2.4791225528005705,0.0754325457252811,0.0008036250528918921,0,0.0,0.0,-35.908255809407066,-1.0630219425664527,0,0.0,0.0,-32.961890862170115
6,DOGEUSDT,XRPUSDT,0.08335022284933535,0.0002658995049970818,0.02890016871453567,0,0.0,0.0,-5.333433907207402,-1.4310881483017666,0,0.0,0.0,-9.696279783838659
7,SOLUSDT,EOSUSDT,50.7661083943044,0.17087131385781823,0.0008717892481166125,0,0.0,0.0,-1.0010861186222009,0.11680212928155619,0,0.0,0.0,-4.149553352122091
8,INJUSDT,MTLUSDT,5.188904128817669,0.19401933278113107,0.008110589664624464,1,-6.083087787947898,0.0,-16.22740380373852,-1.8527466400134096,0,0.0,0.0,0.0
2,LTCUSDT,CRVUSDT,43.097586467596905,1.0954157726230815,0.008762453620481397,0,0.0,0.0,-4.881282105525965,-1.0416787008764599,1,-24.40383014019032,0.0,-37.0511289601778
