,sym_1,sym_2,hedge_ratio,std,p_value,trade_oppotunities_performance,cumulative_returns_performance,win_rate_performance,peak_loss_performace,recent_z_score,examine_trade_oppotunities,examine_returns,examine_win_rate,examine_peak_loss
3,BNBUSDT,XRPUSDT,164.09425576283567,0.7406775433338243,0.006929633654233818,0,0.0,0.0,-14.941909141303105,0.7574315671323052,1,2.2440138444964197,1.0,-36.33953010688096
4,COMPUSDT,LDOUSDT,32.22208516630065,0.7612026321021147,0.01982893564495921,0,0.0,0.0,-25.50550667050569,-2.9314899147667273,0,0.0,0.0,-10.427550739637363
5,COMPUSDT,EOSUSDT,229.80234819306241,0.7420284038215973,0.002748657610896577,1,-2.868190819053778,0.0,-3.986310937187153,-1.3433868596175278,0,0.0,0.0,-27.074634054687138
6,DOGEUSDT,XRPUSDT,0.08335022284933535,0.00025056121093016467,0.02890016871453567,0,0.0,0.0,-1.8729314710863507,-1.1670066184897432,0,0.0,0.0,-11.56878197406364
7,SOLUSDT,EOSUSDT,50.7661083943044,0.1138009432148416,0.0008717892481166125,1,-0.5280200433591711,0.0,-3.3070281679609104,0.15863047690974932,0,0.0,0.0,-4.321734720195712
8,INJUSDT,MTLUSDT,5.188904128817669,0.16121804164141287,0.008110589664624464,0,0.0,0.0,-1.0451041182037706,-1.8132009333071732,0,0.0,0.0,-30.69250772389156
0,LINKUSDT,INJUSDT,0.4732201158874072,0.02533164079448212,0.0071320969942926075,1,-3.857880811224506,0.0,-7.281909545445487,0.6717613563217967,1,-14.053135913900213,0.0,-169.93764264264286
2,LTCUSDT,CRVUSDT,43.097586467596905,1.0501299999256928,0.008762453620481397,2,9.29006549465276,1.0,-2.870724762219432,-0.8885519872118081,1,-14.65562161362069,0.0,-26.146263996179687
1,LINKUSDT,MTLUSDT,2.4791225528005705,0.07175940304608569,0.0008036250528918921,0,0.0,0.0,-4.983369708148178,-1.030481237134581,1,-25.860841908710256,0.0,-52.97582615655162
