,sym_1,sym_2,hedge_ratio,std,p_value,trade_oppotunities_performance,cumulative_returns_performance,win_rate_performance,peak_loss_performace,recent_z_score,examine_trade_oppotunities,examine_returns,examine_win_rate,examine_peak_loss
10,APTUSDT,EOSUSDT,5.423505628710582,0.025840945046038153,0.02691186353429638,1,1.5752971187311162,1.0,-6.805973817488909,-1.2342241133869454,0,0,0,-3.151085807114931
7,APTUSDT,QTUMUSDT,0.5259026394827016,0.048175097510401076,0.00019960380841351096,1,10.262289030910067,1.0,-4.568897597930915,-0.39971365087163796,0,0,0,0.0
15,QTUMUSDT,FTMUSDT,22.11124480190276,0.06533246810892918,0.02920083051551406,1,9.638184956266816,1.0,-1.562936470431243,-1.3371102372860262,0,0,0,-3.20754879292409
