,sym_1,sym_2,hedge_ratio,std,p_value,trade_oppotunities_performance,cumulative_returns_performance,win_rate_performance,peak_loss_performace,recent_z_score,examine_trade_oppotunities,examine_returns,examine_win_rate,examine_peak_loss
0,LINKUSDT,INJUSDT,0.4732201158874072,0.023661625667367597,0.0071320969942926075,0,0.0,0.0,-1.7032600464104886,0.8702996267889548,0,0.0,0.0,-110.86943316453426
3,BNBUSDT,XRPUSDT,164.09425576283567,0.5771204783377715,0.006929633654233818,0,0.0,0.0,-0.3411298353788078,0.6050800266479806,0,0.0,0.0,-32.5167270649767
4,COMPUSDT,LDOUSDT,32.22208516630065,0.7403649571208246,0.01982893564495921,0,0.0,0.0,-0.38590504590498453,-3.209629007608596,0,0.0,0.0,-10.552504872763183
5,COMPUSDT,EOSUSDT,229.80234819306241,0.714014615954819,0.002748657610896577,1,4.411700451046542,1.0,-0.1293626351750169,-1.5187726307932896,0,0.0,0.0,-3.5556431031117106
6,DOGEUSDT,XRPUSDT,0.08335022284933535,0.00025591144343755767,0.02890016871453567,1,0.06595492087032818,1.0,-0.867520445357431,-1.3277345763768258,0,0.0,0.0,-9.367947295618997
7,SOLUSDT,EOSUSDT,50.7661083943044,0.09644102044900121,0.0008717892481166125,0,0.0,0.0,0.0,0.4785239691584491,0,0.0,0.0,-3.6284503179022267
8,INJUSDT,MTLUSDT,5.188904128817669,0.14128861104433207,0.008110589664624464,0,0.0,0.0,-6.317854020352634,-1.6477418982152559,0,0.0,0.0,0.0
1,LINKUSDT,MTLUSDT,2.4791225528005705,0.06685620047483387,0.0008036250528918921,0,0.0,0.0,-14.96248254213872,-1.3327563312768005,2,-11.234723722657373,0.5,-27.431966218565616
2,LTCUSDT,CRVUSDT,43.097586467596905,1.0406681951039563,0.008762453620481397,1,-1.6294767996772836,0.0,-4.046890107994,-1.8927187652270567,1,-16.169251527609184,0.0,-28.69744881449983
