,sym_1,sym_2,hedge_ratio,std,p_value,trade_oppotunities_performance,cumulative_returns_performance,win_rate_performance,peak_loss_performace,recent_z_score,examine_trade_oppotunities,examine_returns,examine_win_rate,examine_peak_loss
0,LINKUSDT,INJUSDT,0.4732201158874072,0.023137260566809172,0.0071320969942926075,1,8.76327500851862,1.0,-9.424342983931993,0.5967535858306003,1,7.6924056000246335,1.0,-1.9862340629499182
4,COMPUSDT,LDOUSDT,32.22208516630065,0.6609689690962639,0.01982893564495921,2,5.243165407879595,0.5,-3.1807426405768298,-2.685885123513948,1,6.598831678596724,1.0,-31.27350230424835
5,COMPUSDT,EOSUSDT,229.80234819306241,0.6309704804627226,0.002748657610896577,2,8.49590189962214,0.5,-2.8169497102156966,-1.4286288238981921,2,6.4192488475613425,1.0,-25.142032206263178
7,SOLUSDT,EOSUSDT,50.7661083943044,0.08429690221334145,0.0008717892481166125,1,0.11137873758758843,1.0,-0.45920518924889464,0.4021413869720863,2,4.163730425546564,1.0,-5.28137687525135
8,INJUSDT,MTLUSDT,5.188904128817669,0.10475603161328027,0.008110589664624464,2,-4.654809809582788,0.0,-22.085971779892294,-1.4239335620842677,1,0.403401395731105,1.0,-1.1545668185836035
3,BNBUSDT,XRPUSDT,164.09425576283567,0.5459605280535162,0.006929633654233818,2,-8.089659314137208,0.0,-4.191702118373017,0.14505383667159683,0,0.0,0.0,-29.372197660863353
1,LINKUSDT,MTLUSDT,2.4791225528005705,0.05537734633774448,0.0008036250528918921,1,0.23277507170305406,1.0,-19.673436842909517,-1.309755945123047,1,-3.2863544356714516,0.0,-7.747781519065631
6,DOGEUSDT,XRPUSDT,0.08335022284933535,0.00025021705665390293,0.02890016871453567,2,-0.31512828484798616,0.0,-1.8190161953894055,-1.1598379038964144,1,-6.995561822230442,0.0,-4.595561822230442
2,LTCUSDT,CRVUSDT,43.097586467596905,0.9930339546028729,0.008762453620481397,1,2.838678269804188,1.0,0.0,-1.6748182194781038,1,-23.685311405589722,0.0,-22.325311405589723
