,sym_1,sym_2,hedge_ratio,std,p_value,trade_oppotunities_performance,cumulative_returns_performance,win_rate_performance,peak_loss_performace,recent_z_score,examine_trade_oppotunities,examine_returns,examine_win_rate,examine_peak_loss
21,APEUSDT,EOSUSDT,1.2787475216456876,0.009920291333146274,0.0013479377849902972,1,5.546093682335769,1.0,-9.643594696769732,-0.023116924544965247,0,0.0,0.0,0.0
7,APTUSDT,QTUMUSDT,0.5259026394827016,0.043032879964886264,0.00019960380841351096,1,2.2844756085422944,1.0,-1.1213149319261466,-0.3240358653813442,0,0.0,0.0,-2.0784507289130043
9,APTUSDT,SOLUSDT,0.15991552835742223,0.018744489074802393,0.004233045331270594,1,1.5586142975878687,1.0,-0.6892867046450525,1.1597673305381402,0,0.0,0.0,0.0
