,sym_1,sym_2,hedge_ratio,std,p_value,trade_oppotunities_performance,cumulative_returns_performance,win_rate_performance,peak_loss_performace,recent_z_score,examine_trade_oppotunities,examine_returns,examine_win_rate,examine_peak_loss
20,APEUSDT,EOSUSDT,1.2787475216456876,0.004996786990353636,0.0013479377849902972,1,17.5151027650364,1.0,-13.144194851888408,-0.4383578833344078,0,0.0,0.0,-3.4514269534674087
13,QTUMUSDT,FTMUSDT,22.11124480190276,0.03516524211395515,0.02920083051551406,1,1.5990193045069023,1.0,-7.538273275290963,-2.067902322877388,0,0.0,0.0,-6.328722488563145
11,BNBUSDT,UNIUSDT,26.214950693445882,2.34614404021084,0.005977564199147395,1,0.0032456282196593467,1.0,-7.220551122602938,-0.9789185327055672,1,-2.5242147493754326,0.0,-5.320037400920322
15,QTUMUSDT,SOLUSDT,0.2710931597619066,0.02911458195282423,0.01571819505179447,1,17.508407263808124,1.0,-6.180648619479021,0.6997745330716822,0,0.0,0.0,-8.60015999397247
