,sym_1,sym_2,hedge_ratio,std,p_value,trade_oppotunities_performance,cumulative_returns_performance,win_rate_performance,peak_loss_performace,recent_z_score,examine_trade_oppotunities,examine_returns,examine_win_rate,examine_peak_loss
21,APEUSDT,EOSUSDT,1.2787475216456876,0.007240090861794409,0.0013479377849902972,1,12.224357927554054,1.0,-10.830517300935142,-0.41701375507301697,0,0.0,0.0,0.0
11,MASKUSDT,ADAUSDT,8.431737078846464,0.01568371548117588,0.015861711768109077,1,4.420984044684489,1.0,-1.4539147558146026,0.6910161993130527,0,0.0,0.0,0.0
20,MATICUSDT,ADAUSDT,1.7595548133151575,0.0010621675522152695,0.014146859676509,1,4.106614416372351,1.0,-0.9499819759918092,1.65825559643249,0,0.0,0.0,-2.9524804789821295
