,sym_1,sym_2,hedge_ratio,std,p_value,trade_oppotunities_performance,cumulative_returns_performance,win_rate_performance,peak_loss_performace,recent_z_score,examine_trade_oppotunities,examine_returns,examine_win_rate,examine_peak_loss
21,APEUSDT,EOSUSDT,1.2787475216456876,0.009920291333146274,0.0013479377849902972,1,5.546093682335769,1.0,-9.643594696769732,-0.023116924544965247,0,0.0,0.0,-1.8924298304558236
7,APTUSDT,QTUMUSDT,0.5259026394827016,0.043032879964886264,0.00019960380841351096,1,3.5042803295197613,1.0,-4.5438290387192515,-0.3240358653813442,0,0.0,0.0,-2.0784507289130043
17,FTMUSDT,DOTUSDT,0.06083748504489843,0.0008784867556479231,0.023197117441539822,1,4.2130492556506285,1.0,-1.8268210554472397,-1.1332165045264242,0,0.0,0.0,-3.2989115427974998
