,sym_1,sym_2,hedge_ratio,std,p_value,trade_oppotunities_performance,cumulative_returns_performance,win_rate_performance,peak_loss_performace,recent_z_score,examine_trade_oppotunities,examine_returns,examine_win_rate,examine_peak_loss
2,LINKUSDT,FTMUSDT,38.83491370236945,0.07048990408689411,0.012426346212957455,1,4.712021187983178,1.0,-1.2290640756684001,-0.7224256883750243,0,0.0,0.0,-8.49563950631264
0,LINKUSDT,MASKUSDT,3.3313251776037967,0.06406490811397009,0.008037524978152489,1,0.73864979327249,1.0,-0.4771028458162565,0.19434787643977208,0,0.0,0.0,0.0
13,GALAUSDT,QTUMUSDT,0.0016763461354682688,0.00018022262596228232,0.0032594259144493936,1,3.0138606940670414,1.0,0.0,-0.03140780322107123,0,0.0,0.0,0.0
