,sym_1,sym_2,hedge_ratio,std,p_value,trade_oppotunities_performance,cumulative_returns_performance,win_rate_performance,peak_loss_performace,recent_z_score,examine_trade_oppotunities,examine_returns,examine_win_rate,examine_peak_loss
10,QTUMUSDT,ETCUSDT,0.7069906565663605,0.03214566381575269,0.0032911010628713815,2,168.67670824164628,1.0,-22.204178107666284,-0.9238133415226408,2,6.673502227205805,1.0,-2.7159052305245903
0,LINKUSDT,MASKUSDT,3.3313251776037967,0.06651399344057837,0.008037524978152489,1,0.9966753288444755,1.0,-3.6516966915379707,-2.197661164062982,1,-2.044704043420619,0.0,-1.8694088071028274
6,APTUSDT,SOLUSDT,0.15991552835742223,0.011715995457430921,0.004233045331270594,1,2.4981594911876113,1.0,-2.2856836378539556,0.30884539764329616,2,0.10222826052991316,0.5,-0.07804461809326924
