,sym_1,sym_2,hedge_ratio,std,p_value,trade_oppotunities_performance,cumulative_returns_performance,win_rate_performance,peak_loss_performace,recent_z_score,examine_trade_oppotunities,examine_returns,examine_win_rate,examine_peak_loss
4,COMPUSDT,LDOUSDT,32.22208516630065,0.6609689690962639,0.01982893564495921,2,5.443907857885039,0.5,-3.273523502738042,-2.685885123513948,1,9.90952539547834,1.0,-34.7447928048502
7,SOLUSDT,EOSUSDT,50.7661083943044,0.08429690221334145,0.0008717892481166125,2,0.9136117740691305,0.5,-0.8939339387928362,0.4021413869720863,2,4.658632688877006,1.0,-5.28137687525135
5,COMPUSDT,EOSUSDT,229.80234819306241,0.6309704804627226,0.002748657610896577,2,12.219921597386744,0.5,-3.5114886588993146,-1.4286288238981921,2,4.412455821609665,1.0,-33.98980711234815
1,LINKUSDT,MTLUSDT,2.4791225528005705,0.05537734633774448,0.0008036250528918921,1,-1.0627547187337485,0.0,-20.611627576168175,-1.309755945123047,3,2.5395859440241746,0.6666666666666666,-7.747781519065631
8,INJUSDT,MTLUSDT,5.188904128817669,0.10475603161328027,0.008110589664624464,2,-11.935807074475973,0.0,-39.07300105680974,-1.4239335620842677,1,0.9528302130238386,1.0,-1.6206608220824985
3,BNBUSDT,XRPUSDT,164.09425576283567,0.5459605280535162,0.006929633654233818,2,-9.06125446194375,0.0,-4.502347303883903,0.14505383667159683,0,0.0,0.0,-42.294643746812454
6,DOGEUSDT,XRPUSDT,0.08335022284933535,0.00025021705665390293,0.02890016871453567,2,-0.8842290247890783,0.0,-2.649894034430651,-1.1598379038964144,1,-7.484008822218399,0.0,-5.004008822218399
2,LTCUSDT,CRVUSDT,43.097586467596905,0.9930339546028729,0.008762453620481397,2,3.5760062301919997,1.0,-0.7539599245221463,-1.6748182194781038,1,-26.177462970790582,0.0,-24.73746297079058
0,LINKUSDT,INJUSDT,0.4732201158874072,0.023137260566809172,0.0071320969942926075,1,11.047107137367915,1.0,-9.900658318191851,0.5967535858306003,1,-59.33966332660858,0.0,-58.39912386748116
