,sym_1,sym_2,hedge_ratio,std,p_value,trade_oppotunities_performance,cumulative_returns_performance,win_rate_performance,peak_loss_performace,recent_z_score,examine_trade_oppotunities,examine_returns,examine_win_rate,examine_peak_loss
3,BNBUSDT,XRPUSDT,164.09425576283567,0.5771204783377715,0.006929633654233818,1,-4.731246705529158,0.0,-4.323827101302556,0.6050800266479806,1,0.25760638622149595,1.0,-37.033317903148784
4,COMPUSDT,LDOUSDT,32.22208516630065,0.7403649571208246,0.01982893564495921,1,-0.24314922731863886,0.0,-2.651447623082887,-3.209629007608596,0,0.0,0.0,-14.210765066666568
5,COMPUSDT,EOSUSDT,229.80234819306241,0.714014615954819,0.002748657610896577,2,4.53331762937152,0.5,-0.6849810789026947,-1.5187726307932896,0,0.0,0.0,-3.1875858207840873
6,DOGEUSDT,XRPUSDT,0.08335022284933535,0.00025591144343755767,0.02890016871453567,1,0.47707355863737794,1.0,-2.161104932592839,-1.3277345763768258,0,0.0,0.0,-12.624988464708231
7,SOLUSDT,EOSUSDT,50.7661083943044,0.09644102044900121,0.0008717892481166125,0,0.0,0.0,0.0,0.4785239691584491,0,0.0,0.0,-4.614895502175285
8,INJUSDT,MTLUSDT,5.188904128817669,0.14128861104433207,0.008110589664624464,0,0.0,0.0,-6.7791849878155634,-1.6477418982152559,1,-1.6204158252933258,0.0,-1.7937282818558993
1,LINKUSDT,MTLUSDT,2.4791225528005705,0.06685620047483387,0.0008036250528918921,0,0.0,0.0,-16.41799122786845,-1.3327563312768005,2,-8.170750184453723,0.5,-34.05957535665125
0,LINKUSDT,INJUSDT,0.4732201158874072,0.023661625667367597,0.0071320969942926075,0,0.0,0.0,-1.7032600464104886,0.8702996267889548,1,-8.638488355919288,0.0,-101.63045222125976
2,LTCUSDT,CRVUSDT,43.097586467596905,1.0406681951039563,0.008762453620481397,2,-2.100887841808517,0.0,-4.046890107994,-1.8927187652270567,1,-19.993590473864227,0.0,-34.47705488011137
