,sym_1,sym_2,hedge_ratio,std,p_value,trade_oppotunities_performance,cumulative_returns_performance,win_rate_performance,peak_loss_performace,recent_z_score,examine_trade_oppotunities,examine_returns,examine_win_rate,examine_peak_loss
6,LDOUSDT,EOSUSDT,6.4917584828648405,0.020993332904615712,0.0027360197369051165,1,13.490286468439926,1.0,-3.004288380934339,2.3080595890191224,1,10.780273612211069,1.0,0.0
3,BNBUSDT,EOSUSDT,219.776722174486,1.7287392552816854,0.025973392715440028,1,-6.344886880621537,0.0,-6.332334125310896,1.3324614715170964,1,8.589890058017605,1.0,-1.307655993716469
1,BNBUSDT,XRPUSDT,192.67582711722548,1.7215537747601672,0.002857690613018856,2,-8.751609130395128,0.0,-7.253273756089973,0.7621834206598533,1,0.5705924778191829,1.0,-39.441742563149134
2,BNBUSDT,COTIUSDT,540.5550198161209,1.6021549622183813,0.014379095174511084,0,0.0,0.0,-18.576006277620845,-0.4133722627711466,0,0.0,0.0,-93.49126778789551
4,FTMUSDT,EOSUSDT,0.927173506812552,0.003510427960077139,0.026272460855177468,2,-7.658860422320692,0.0,-10.275296739068136,1.3159699754829046,0,0.0,0.0,-0.008388636515597903
5,COMPUSDT,SOLUSDT,4.212518691636424,0.6971790120474755,0.012413917198118192,2,-5.92110628359507,0.0,-6.689497599934933,-1.9620628835659715,0,0.0,0.0,-9.029763774218317
7,FILUSDT,EOSUSDT,5.029672268930177,0.010126200177097398,0.003912085990199454,0,0.0,0.0,-16.49856469647928,2.771593452098185,0,0.0,0.0,-38.88971025390203
8,MATICUSDT,EOSUSDT,1.4327435532365018,0.0027989171841196763,0.0023379077049584156,2,-3.483517611649237,0.0,-3.6295904587737473,1.533394501894083,1,-0.6566249866358911,0.0,-5.207760746455552
0,LINKUSDT,INJUSDT,0.4994910257861752,0.03460415824455029,0.0072245701990257,0,0.0,0.0,-2.457614232958997,0.826014992125535,1,-9.041274438726093,0.0,-87.03680263627065
