,sym_1,sym_2,hedge_ratio,std,p_value,trade_oppotunities_performance,cumulative_returns_performance,win_rate_performance,peak_loss_performace,recent_z_score,examine_trade_oppotunities,examine_returns,examine_win_rate,examine_peak_loss
13,MKRUSDT,LDOUSDT,429.14605801270636,8.169715828205725,0.026822724684956997,1,93.4170284309025,1.0,-31.121840284943694,1.0007530545613261,1,3.270613300343682,1.0,-17.58345650716791
18,LDOUSDT,STMXUSDT,113.9369464740106,0.030398661942060222,0.022966763588836425,1,7.683633670220943,1.0,-7.598627068862996,-1.1900717826509726,1,-8.784076590192626,0.0,-14.703501043740866
10,XLMUSDT,DOTUSDT,0.050553559605017215,0.0008521609862181193,0.009852093440930482,1,6.988460946596572,1.0,-7.215287314002337,-1.786237876969574,1,-30.38437373062146,0.0,-129.72894843372026
9,XLMUSDT,AVAXUSDT,0.022973912210418498,0.0007906908843737393,0.02329409648289757,1,9.69640279906897,1.0,-6.171680711773143,-1.6736823748849687,1,-4.064409518893009,0.0,-31.048829581637214
