,sym_1,sym_2,hedge_ratio,std,p_value,trade_oppotunities_performance,cumulative_returns_performance,win_rate_performance,peak_loss_performace,recent_z_score,examine_trade_oppotunities,examine_returns,examine_win_rate,examine_peak_loss
0,LINKUSDT,INJUSDT,0.4994910257861752,0.03459654023480957,0.0072245701990257,1,8.76327500851862,1.0,-9.424342983931993,0.5587057138437576,1,7.6924056000246335,1.0,-1.9862340629499182
2,FTMUSDT,EOSUSDT,0.927173506812552,0.002529772923112162,0.026272460855177468,1,5.908204811302456,1.0,-0.2929241527986771,0.9466517553699104,1,5.110943242055066,1.0,-0.22414977088528124
4,COMPUSDT,SOLUSDT,4.212518691636424,0.6745033397256571,0.012413917198118192,1,14.966420857352677,1.0,-4.145966897560597,-1.917261776343003,1,1.508072827069769,1.0,-12.376540080881128
5,LDOUSDT,EOSUSDT,6.4917584828648405,0.015755331414882737,0.0027360197369051165,1,4.336315301363299,1.0,-2.6341631943439983,2.236362525828837,1,1.1212820466441262,1.0,-0.08127753114111197
1,BNBUSDT,EOSUSDT,219.776722174486,1.45260440123065,0.025973392715440028,1,1.6553651027573244,1.0,-0.6302630515646792,1.02986173803949,0,0.0,0.0,-31.568675383895503
7,MATICUSDT,EOSUSDT,1.4327435532365018,0.002402967424811915,0.0023379077049584156,1,2.355471543805267,1.0,-1.0446902684496846,1.1779819937309042,0,0.0,0.0,-0.09473054017465994
3,CRVUSDT,UNIUSDT,0.113428571459744,0.02415099130420773,0.02110190610655401,1,6.501336018650443,1.0,-7.573283625857925,0.4252089436831463,2,-0.11854957489892115,0.5,-25.009342916667965
6,FILUSDT,EOSUSDT,5.029672268930177,0.010276381662475662,0.003912085990199454,2,-0.05217564502320737,0.5,-0.94199635828329,2.5189841522541494,1,-1.0369525233278523,0.0,-8.254212693976617
