,sym_1,sym_2,hedge_ratio,std,p_value,trade_oppotunities_performance,cumulative_returns_performance,win_rate_performance,peak_loss_performace,recent_z_score,examine_trade_oppotunities,examine_returns,examine_win_rate,examine_peak_loss
7,CELOUSDT,OPUSDT,0.9799774666414796,0.014409134520842092,0.01491171746921134,1,70.85843947254703,1.0,-26.846235568396168,-1.036252273113951,1,-1.7154936213361565,0.0,-3.885894705787307
19,LDOUSDT,APEUSDT,1.5834103988122068,0.013370588046223014,0.023258654791090887,1,4.996767808550562,1.0,-15.380853975299505,0.4140836161489122,0,0.0,0.0,-14.649720060808718
16,MKRUSDT,LDOUSDT,429.14605801270636,8.025959941679329,0.026822724684956997,1,30.681280210585147,1.0,-10.954082506954137,0.026096836786338347,1,19.706431469418842,1.0,-0.4692444676438407
15,CRVUSDT,AAVEUSDT,0.008787452678932469,0.010569558284398227,0.004059382512667958,1,12.343624682882425,1.0,-9.39362629386685,0.1703820622897843,0,0.0,0.0,-8.194599625020974
