,sym_1,sym_2,hedge_ratio,std,p_value,trade_oppotunities_performance,cumulative_returns_performance,win_rate_performance,peak_loss_performace,recent_z_score,examine_trade_oppotunities,examine_returns,examine_win_rate,examine_peak_loss
5,GALAUSDT,ETCUSDT,0.0013838370277864038,0.0003077609976016356,0.0022493838841419274,1,3.625735453045748,1.0,-0.28641757994357797,-0.19323503445819312,0,0,0,0.0
15,SUSHIUSDT,UNIUSDT,0.037943477778034806,0.01948359063019185,0.015599567494076485,1,18.07800633391691,1.0,-0.13782606308705142,1.2441086504409127,0,0,0,-3.0306948708322494
4,GALAUSDT,AVAXUSDT,0.001501765853060045,0.00032195438187570846,0.011345225567564465,1,7.998452735447441,1.0,-0.08383632690511456,-1.5805136240724258,0,0,0,0.0
