,sym_1,sym_2,hedge_ratio,std,p_value,trade_oppotunities_performance,cumulative_returns_performance,win_rate_performance,peak_loss_performace,recent_z_score,examine_trade_oppotunities,examine_returns,examine_win_rate,examine_peak_loss
7,APTUSDT,QTUMUSDT,0.6467273625031043,0.050080403401571404,0.012729142230187515,1,3.5042803295197613,1.0,-4.5438290387192515,0.17851349025354343,0,0.0,0.0,-2.0784507289130043
19,MKRUSDT,LDOUSDT,429.14605801270636,15.045313383731688,0.026822724684956997,1,9.589565359404636,1.0,-3.2362389405068908,-0.2475151481072126,0,0.0,0.0,0.0
22,SUSHIUSDT,UNIUSDT,0.037943477778034806,0.0162523240121479,0.015599567494076485,1,10.23090866235189,1.0,-2.6584259294363846,1.2611382592857232,0,0.0,0.0,-16.833713063278054
