,sym_1,sym_2,hedge_ratio,std,p_value,trade_oppotunities_performance,cumulative_returns_performance,win_rate_performance,peak_loss_performace,recent_z_score,examine_trade_oppotunities,examine_returns,examine_win_rate,examine_peak_loss
16,QTUMUSDT,AVAXUSDT,0.5598449013048691,0.05626305575755404,0.021801947504339256,1,3.3718141751489257,1.0,-17.28357134991884,-2.169654214133172,1,0.3374700406744775,1.0,-4.67111206950349
23,OPUSDT,KNCUSDT,0.1484262126670229,0.019873790837990388,0.024230256926097454,1,8.382011187554658,1.0,-15.011744942310633,-0.8781733657082799,0,0.0,0.0,-5.534595758331045
17,QTUMUSDT,MATICUSDT,9.94840082671383,0.04382604155582421,0.01752850941046667,1,3.956761627641429,1.0,-9.646424881013651,-1.7199294046589326,0,0.0,0.0,-2.425224197836341
7,APTUSDT,QTUMUSDT,0.6467273625031043,0.050080403401571404,0.012729142230187515,1,3.5042803295197613,1.0,-4.5438290387192515,0.17851349025354343,0,0.0,0.0,-2.0784507289130043
