,sym_1,sym_2,hedge_ratio,std,p_value,trade_oppotunities_performance,cumulative_returns_performance,win_rate_performance,peak_loss_performace,recent_z_score,examine_trade_oppotunities,examine_returns,examine_win_rate,examine_peak_loss
6,CELOUSDT,OPUSDT,0.9799774666414796,0.014409134520842092,0.01491171746921134,1,70.85843947254703,1.0,-26.846235568396168,-1.036252273113951,0,0.0,0.0,0.0
21,LDOUSDT,STMXUSDT,113.9369464740106,0.030116259192920766,0.022966763588836425,1,8.255334011654496,1.0,-10.520643568323656,-1.5491721302515802,0,0.0,0.0,0.0
20,LDOUSDT,APEUSDT,1.5834103988122068,0.013370588046223014,0.023258654791090887,1,0.270867599042326,1.0,-7.985416324250734,0.4140836161489122,0,0.0,0.0,-13.545326399191703
4,APTUSDT,GALAUSDT,258.77777654520446,0.047710589226699185,0.004540612410422054,1,1.4022375059346381,1.0,-3.04514026357601,-0.7545218104568567,0,0.0,0.0,-2.535505965372896
