,sym_1,sym_2,hedge_ratio,std,p_value,trade_oppotunities_performance,cumulative_returns_performance,win_rate_performance,peak_loss_performace,recent_z_score,examine_trade_oppotunities,examine_returns,examine_win_rate,examine_peak_loss
3,LDOUSDT,EOSUSDT,6.4917584828648405,0.015755331414882737,0.0027360197369051165,1,5.428182881468615,1.0,-2.83168401709831,2.236362525828837,3,11.579400596537823,1.0,-0.0874075662222111
1,FTMUSDT,EOSUSDT,0.927173506812552,0.002529772923112162,0.026272460855177468,2,4.108039016153605,0.5,-1.5282710956501293,0.9466517553699104,1,6.159118344448367,1.0,-0.5271449698351766
2,COMPUSDT,SOLUSDT,4.212518691636424,0.6745033397256571,0.012413917198118192,2,16.151336108706708,0.5,-4.145966897560597,-1.917261776343003,1,2.629396204870982,1.0,-16.432281524673378
0,BNBUSDT,EOSUSDT,219.776722174486,1.45260440123065,0.025973392715440028,2,1.8892236189725986,0.5,-0.6180169732153623,1.02986173803949,1,1.0071881648572838,1.0,-34.22922923103681
5,MATICUSDT,EOSUSDT,1.4327435532365018,0.002402967424811915,0.0023379077049584156,1,2.288663769128258,1.0,-1.464888566564949,1.1779819937309042,1,0.8542513517051635,1.0,-1.799086638704482
4,FILUSDT,EOSUSDT,5.029672268930177,0.010276381662475662,0.003912085990199454,2,-3.0758743038742993,0.5,-4.3878925813916085,2.5189841522541494,2,-1.8937330533120247,0.5,-9.17991392974601
