,sym_1,sym_2,hedge_ratio,std,p_value,trade_oppotunities_performance,cumulative_returns_performance,win_rate_performance,peak_loss_performace,recent_z_score,examine_trade_oppotunities,examine_returns,examine_win_rate,examine_peak_loss
3,APTUSDT,QTUMUSDT,0.6467273625031043,0.050080403401571404,0.012729142230187515,1,2.2844756085422944,1.0,-1.1213149319261466,0.17851349025354343,0,0.0,0.0,-2.0784507289130043
6,GALAUSDT,AVAXUSDT,0.001501765853060045,0.00026626381368325655,0.011345225567564465,1,7.11528214074092,1.0,-0.3880863247075177,-1.6858433799463102,0,0.0,0.0,0.0
