,sym_1,sym_2,hedge_ratio,std,p_value,trade_oppotunities_performance,cumulative_returns_performance,win_rate_performance,peak_loss_performace,recent_z_score,examine_trade_oppotunities,examine_returns,examine_win_rate,examine_peak_loss
14,XLMUSDT,AVAXUSDT,0.022973912210418498,0.0010514379470843067,0.02329409648289757,1,2.840073179300984,1.0,-6.18471324094635,-1.8315234302591308,0,0.0,0.0,-12.420570729634974
15,XLMUSDT,DOTUSDT,0.050553559605017215,0.0011471758936350326,0.009852093440930482,1,7.927856548684674,1.0,-1.9002502260640712,-1.7347662828656754,0,0.0,0.0,-10.215831883856124
9,BNBUSDT,DOTUSDT,42.09312878236143,1.2681610333875846,0.003866682841950037,1,2.346349166946366,1.0,-0.3033924025173127,-0.5231437523533375,0,0.0,0.0,-8.061688282331868
