,sym_1,sym_2,hedge_ratio,std,p_value,trade_oppotunities_performance,cumulative_returns_performance,win_rate_performance,peak_loss_performace,recent_z_score,examine_trade_oppotunities,examine_returns,examine_win_rate,examine_peak_loss
4,LINAUSDT,OPUSDT,0.0047502227980260985,8.381049507659163e-05,0.025232606719483484,2,22.39860565508493,1.0,-9.429290318606272,-0.5129214016513465,2,-38.97073688909634,0.0,-34.125503971948525
3,CELOUSDT,OPUSDT,0.9799774666414796,0.01445599977960175,0.01491171746921134,1,120.25024956175021,1.0,-48.37596471284261,-0.7199718324274197,1,-2.861148423025685,0.0,-28.693433272764192
5,XLMUSDT,AVAXUSDT,0.022973912210418498,0.0007906908843737393,0.02329409648289757,1,9.69640279906897,1.0,-6.171680711773143,-1.6736823748849687,1,-5.016050914159972,0.0,-21.550567610249438
