,sym_1,sym_2,hedge_ratio,std,p_value,trade_oppotunities_performance,cumulative_returns_performance,win_rate_performance,peak_loss_performace,recent_z_score,examine_trade_oppotunities,examine_returns,examine_win_rate,examine_peak_loss
3,BNBUSDT,EOSUSDT,219.776722174486,1.7287392552816854,0.025973392715440028,1,-5.698625441238577,0.0,-5.937360525965154,1.3324614715170964,1,1.406748906291984,1.0,-0.36389245716144014
1,BNBUSDT,XRPUSDT,192.67582711722548,1.7215537747601672,0.002857690613018856,1,-4.731246705529158,0.0,-4.323827101302556,0.7621834206598533,1,0.25760638622149595,1.0,-37.033317903148784
2,BNBUSDT,COTIUSDT,540.5550198161209,1.6021549622183813,0.014379095174511084,0,0.0,0.0,-18.576006277620845,-0.4133722627711466,0,0.0,0.0,-87.02596830269898
4,FTMUSDT,EOSUSDT,0.927173506812552,0.003510427960077139,0.026272460855177468,1,-5.973880753955536,0.0,-9.53952276285084,1.3159699754829046,0,0.0,0.0,0.0
5,COMPUSDT,SOLUSDT,4.212518691636424,0.6971790120474755,0.012413917198118192,2,-4.756081582542237,0.0,-4.049250021449697,-1.9620628835659715,0,0.0,0.0,-1.9326459532256408
6,LDOUSDT,EOSUSDT,6.4917584828648405,0.020993332904615712,0.0027360197369051165,1,7.094013924896151,1.0,-1.8854178817315743,2.3080595890191224,0,0.0,0.0,0.0
7,FILUSDT,EOSUSDT,5.029672268930177,0.010126200177097398,0.003912085990199454,0,0.0,0.0,-8.07724916408798,2.771593452098185,0,0.0,0.0,-31.517266557972697
8,MATICUSDT,EOSUSDT,1.4327435532365018,0.0027989171841196763,0.0023379077049584156,2,-3.1880054074713158,0.0,-3.411537872238937,1.533394501894083,1,-0.0353918681654654,0.0,-0.33427297204333684
0,LINKUSDT,INJUSDT,0.4994910257861752,0.03460415824455029,0.0072245701990257,0,0.0,0.0,-1.7032600464104886,0.826014992125535,1,-8.638488355919288,0.0,-101.63045222125976
