,sym_1,sym_2,hedge_ratio,std,p_value,trade_oppotunities_performance,cumulative_returns_performance,win_rate_performance,peak_loss_performace,recent_z_score,examine_trade_oppotunities,examine_returns,examine_win_rate,examine_peak_loss
6,ETHUSDT,QTUMUSDT,123.95917492350455,7.293782400750791,0.01435508593169028,3,5.044431637043479,1.0,-1.282262394114578,1.4909228443604543,2,-3.964430145475437,0.0,-2.024114859211605
7,QTUMUSDT,AVAXUSDT,0.5598449013048691,0.04760088978426522,0.021801947504339256,1,13.040086497951847,1.0,-65.11676656171039,-1.754424271030937,1,-1.1327457211563652,0.0,-4.763362097307449
5,LINAUSDT,OPUSDT,0.0047502227980260985,8.568276432252939e-05,0.025232606719483484,1,7.2702153212205145,1.0,-13.509842506691172,0.22392875608677001,2,-8.899016763068428,0.5,-9.175237838922008
