,sym_1,sym_2,hedge_ratio,std,p_value,trade_oppotunities_performance,cumulative_returns_performance,win_rate_performance,peak_loss_performace,recent_z_score,examine_trade_oppotunities,examine_returns,examine_win_rate,examine_peak_loss
3,LINAUSDT,OPUSDT,0.0047502227980260985,8.381049507659163e-05,0.025232606719483484,2,20.13264168402979,1.0,-9.429290318606272,-0.5129214016513465,2,-11.461124175102743,0.0,-17.991031058289426
5,XLMUSDT,DOTUSDT,0.050553559605017215,0.0008521609862181193,0.009852093440930482,1,6.988460946596572,1.0,-7.215287314002337,-1.786237876969574,1,-15.975032724723544,0.0,-68.11793684043614
4,XLMUSDT,AVAXUSDT,0.022973912210418498,0.0007906908843737393,0.02329409648289757,1,9.69640279906897,1.0,-6.171680711773143,-1.6736823748849687,1,-5.497854761004017,0.0,-27.56960138253487
