,sym_1,sym_2,hedge_ratio,std,p_value,trade_oppotunities_performance,cumulative_returns_performance,win_rate_performance,peak_loss_performace,recent_z_score,examine_trade_oppotunities,examine_returns,examine_win_rate,examine_peak_loss
16,CRVUSDT,AAVEUSDT,0.008787452678932469,0.011969947646200827,0.004059382512667958,1,12.830510701220899,1.0,-7.231854886073806,0.3830699300533692,1,-48.94092369654501,0.0,-59.13196764433928
7,BNBUSDT,DOTUSDT,42.09312878236143,0.827719144559038,0.003866682841950037,1,3.152290151683724,1.0,-5.2142392962633535,-1.4957923106540474,0,0.0,0.0,-0.15529124762319024
5,CELOUSDT,OPUSDT,0.9799774666414796,0.016046702792337317,0.01491171746921134,1,66.103331584637,1.0,-4.160747683169678,-1.2344731302231322,0,0.0,0.0,-20.38288343865108
