,sym_1,sym_2,hedge_ratio,std,p_value,trade_oppotunities_performance,cumulative_returns_performance,win_rate_performance,peak_loss_performace,recent_z_score,examine_trade_oppotunities,examine_returns,examine_win_rate,examine_peak_loss
4,FTMUSDT,EOSUSDT,0.927173506812552,0.004070159380680274,0.026272460855177468,0,0.0,0.0,-11.700988993852798,1.5314486846457747,1,9.467307299264126,1.0,-7.754090082869727
1,BNBUSDT,XRPUSDT,192.67582711722548,1.8511565719950949,0.002857690613018856,0,0.0,0.0,-14.941909141303105,0.910270430081895,1,5.526152382594804,1.0,-38.62151460270783
2,BNBUSDT,COTIUSDT,540.5550198161209,1.6244339870313316,0.014379095174511084,1,-4.924097220201753,0.0,-4.224938165285635,-0.11895574094556897,1,1.5727880914658652,1.0,-82.27650799869606
3,BNBUSDT,UNIUSDT,6.960357183603614,2.0677770957727626,0.01969082111624938,0,0.0,0.0,-19.354349325783726,0.3041266431195438,0,0.0,0.0,-54.583697086107634
5,COMPUSDT,SOLUSDT,4.212518691636424,0.7307509507009162,0.012413917198118192,0,0.0,0.0,-11.51957137657349,-1.933791989118331,0,0.0,0.0,-15.1933091956549
6,LDOUSDT,EOSUSDT,6.4917584828648405,0.023882198381604235,0.0027360197369051165,0,0.0,0.0,-14.675619993041993,1.8963970266407182,0,0.0,0.0,-4.515040300400717
7,FILUSDT,EOSUSDT,5.029672268930177,0.010588288139688786,0.003912085990199454,0,0.0,0.0,-17.61141355904337,2.955800185330455,0,0.0,0.0,-72.48007936143765
8,MATICUSDT,EOSUSDT,1.4327435532365018,0.0030978411133484648,0.0023379077049584156,2,-4.693289207696696,0.5,-5.954819938092041,1.719861462005407,0,0.0,0.0,-7.783974895130315
0,LINKUSDT,INJUSDT,0.4994910257861752,0.03397389139843925,0.0072245701990257,1,-5.958200967249488,0.0,-16.60706651504217,0.6429688861086116,1,-14.053135913900213,0.0,-169.93764264264286
