,sym_1,sym_2,hedge_ratio,std,p_value,trade_oppotunities_performance,cumulative_returns_performance,win_rate_performance,peak_loss_performace,recent_z_score,examine_trade_oppotunities,examine_returns,examine_win_rate,examine_peak_loss
3,QTUMUSDT,MATICUSDT,9.94840082671383,0.04564828469214368,0.01752850941046667,4,0.4154527029678041,0.75,-2.8578784740636234,-1.918265102551715,2,-12.649316720987203,0.5,-23.970547561304546
2,LINAUSDT,OPUSDT,0.0047502227980260985,8.568276432252939e-05,0.025232606719483484,1,0.9196196203630878,1.0,-15.00879878471498,0.22392875608677001,3,-6.7959298383077025,0.3333333333333333,-7.7339448433595
