,sym_1,sym_2,hedge_ratio,std,p_value,trade_oppotunities_performance,cumulative_returns_performance,win_rate_performance,peak_loss_performace,recent_z_score,examine_trade_oppotunities,examine_returns,examine_win_rate,examine_peak_loss
1,APTUSDT,XLMUSDT,18.764515199634108,0.02401119556212586,0.006474121298426258,0,0.0,0.0,-1.2288164895456555,-0.6558811642123403,1,0.660134475606214,1.0,-4.723576142344782
0,NEARUSDT,LINAUSDT,58.86046369556614,0.007643953073200066,0.02120415900438346,1,4.169265485611225,1.0,-2.4960929833194165,-1.1966162183919729,0,0.0,0.0,-5.837125073801155
3,CRVUSDT,TOMOUSDT,0.3557145803324592,0.02158079324845242,0.0013033972484544657,1,-28.411703530672373,0.0,-33.3373677270815,-0.8952513471543334,0,0.0,0.0,-7.342828467540167
4,OPUSDT,MTLUSDT,0.42638138916772794,0.014122129364013698,0.010912457914849445,1,-15.467023255374519,0.0,-14.667023255374518,-0.22244706511543463,0,0.0,0.0,-22.75926794744099
2,LINAUSDT,OPUSDT,0.0047680643148222315,0.00012557253719979377,0.002013514181080099,0,0.0,0.0,0.0,-0.7870771249661381,1,-35.00414856084334,0.0,-40.393358976397636
