,sym_1,sym_2,hedge_ratio,std,p_value,trade_oppotunities_performance,cumulative_returns_performance,win_rate_performance,peak_loss_performace,recent_z_score,examine_trade_oppotunities,examine_returns,examine_win_rate,examine_peak_loss
3,LINAUSDT,OPUSDT,0.0047680643148222315,0.00011110397585412035,0.002013514181080099,2,22.39860565508493,1.0,-9.429290318606272,-0.5119031576263107,2,-38.97073688909634,0.0,-34.125503971948525
4,LINAUSDT,FILUSDT,0.004361361439635892,0.0001252393274719682,0.02102219039828169,2,20.707193257192685,1.0,-4.706115784152241,-0.22896087389721906,1,-4.361731328884699,0.0,-10.12971695632978
0,NEARUSDT,LINAUSDT,58.86046369556614,0.0073104778294631806,0.02120415900438346,1,1.4207650459850005,1.0,-25.671631877799314,-0.8422120029178801,1,-0.05558948952682201,0.0,-0.6091591691108439
