,sym_1,sym_2,hedge_ratio,std,p_value,trade_oppotunities_performance,cumulative_returns_performance,win_rate_performance,peak_loss_performace,recent_z_score,examine_trade_oppotunities,examine_returns,examine_win_rate,examine_peak_loss
3,LINAUSDT,FILUSDT,0.004361361439635892,0.00017527307328004505,0.02102219039828169,1,1.694667115073663,1.0,-9.617201558110404,-0.44262059897475303,1,14.960866754755983,1.0,-5.603585294724558
0,NEARUSDT,LINAUSDT,58.86046369556614,0.00747852727220594,0.02120415900438346,1,28.83494204417344,1.0,-5.846250737864585,-0.7332797185969016,1,-20.032792962216693,0.0,-34.2825634341712
7,COMPUSDT,ADAUSDT,429.9760027319229,0.8082639112649722,0.026775364933098785,1,6.4429249705145315,1.0,-5.129680879905777,0.824315247283288,0,0.0,0.0,-8.073531577977835
