,sym_1,sym_2,hedge_ratio,std,p_value,trade_oppotunities_performance,cumulative_returns_performance,win_rate_performance,peak_loss_performace,recent_z_score,examine_trade_oppotunities,examine_returns,examine_win_rate,examine_peak_loss
2,LINAUSDT,MTLUSDT,0.002438098105583108,0.00010453392576478856,0.00758068693433763,1,8.05273379830068,1.0,-5.465508754112926,-0.4758630025658597,1,10.666209936665306,1.0,-22.541233844194533
1,LINAUSDT,OPUSDT,0.0047680643148222315,0.00011110397585412035,0.002013514181080099,1,6.045349686994519,1.0,-3.0459276268473756,-0.5119031576263107,1,-1.6129067085494415,0.0,-8.520499821244293
0,APTUSDT,XLMUSDT,18.764515199634108,0.023136738155882533,0.006474121298426258,1,6.530037957065574,1.0,-2.2545565147492326,-0.2758412226498937,0,0.0,0.0,-6.154261577950572
