,sym_1,sym_2,hedge_ratio,std,p_value,trade_oppotunities_performance,cumulative_returns_performance,win_rate_performance,peak_loss_performace,recent_z_score,examine_trade_oppotunities,examine_returns,examine_win_rate,examine_peak_loss
2,LINAUSDT,FILUSDT,0.004361361439635892,0.0001135525920437206,0.02102219039828169,1,3.9418374092926145,1.0,-9.560968040789444,0.1560894909867871,2,3.0464552966292295,1.0,-2.035201706912702
0,NEARUSDT,LINAUSDT,58.86046369556614,0.007234349816660669,0.02120415900438346,2,53.02532946797724,1.0,-10.94281864307012,-0.23113496136819484,2,0.49032202204691056,0.5,-2.6512206595045127
4,OPUSDT,MTLUSDT,0.42638138916772794,0.01423195124320438,0.010912457914849445,2,6.830594873325638,1.0,-4.727526195342972,-0.48373413023989187,2,-0.6437347203515735,0.5,-14.040721620745538
1,LINAUSDT,OPUSDT,0.0047680643148222315,9.667535603378258e-05,0.002013514181080099,1,7.2702153212205145,1.0,-13.509842506691172,0.22487973090492944,2,-8.899016763068428,0.5,-9.175237838922008
3,CRVUSDT,TOMOUSDT,0.3557145803324592,0.01017646159763883,0.0013033972484544657,2,-7.27257511979969,0.5,-11.06121882633812,-1.500467013992755,2,-66.5113707785405,0.0,-61.29063658955388
