,sym_1,sym_2,hedge_ratio,std,p_value,trade_oppotunities_performance,cumulative_returns_performance,win_rate_performance,peak_loss_performace,recent_z_score,examine_trade_oppotunities,examine_returns,examine_win_rate,examine_peak_loss
4,LINAUSDT,MTLUSDT,0.002438098105583108,0.00011729873383332877,0.00758068693433763,0,0.0,0.0,0.0,-0.7868551907150667,1,30.88896815420103,1.0,0.0
1,APTUSDT,XLMUSDT,18.764515199634108,0.029076958913974115,0.006474121298426258,0,0.0,0.0,-3.802377624876814,-0.3912670425042302,0,0.0,0.0,0.0
2,LINAUSDT,OPUSDT,0.0047680643148222315,0.00019485401532828026,0.002013514181080099,0,0.0,0.0,0.0,-1.4849575401899577,0,0.0,0.0,-31.79965676885081
3,LINAUSDT,FILUSDT,0.004361361439635892,0.00021202451083942979,0.02102219039828169,0,0.0,0.0,0.0,0.3516723055335363,0,0.0,0.0,-0.39939074109006334
5,BNBUSDT,AVAXUSDT,19.85327682838693,2.45038752071194,0.006102114005303113,1,-1.4355322603123237,0.0,-1.9811556867368565,-1.2557012808797083,0,0.0,0.0,0.0
6,CRVUSDT,TOMOUSDT,0.3557145803324592,0.02255761907744987,0.0013033972484544657,0,0.0,0.0,-21.840549806039174,-1.697657246750747,0,0.0,0.0,-49.22471874779153
7,COMPUSDT,ADAUSDT,429.9760027319229,0.8531203514040101,0.026775364933098785,0,0.0,0.0,-1.7285812295514726,0.02441545887591965,0,0.0,0.0,0.0
8,OPUSDT,MTLUSDT,0.42638138916772794,0.022887160063057643,0.010912457914849445,0,0.0,0.0,-13.543227554186615,0.5540147353239996,0,0.0,0.0,-56.01837991606257
0,NEARUSDT,LINAUSDT,58.86046369556614,0.007768417662212453,0.02120415900438346,0,0.0,0.0,0.0,-0.9659389829092729,1,-22.56756141640957,0.0,-27.16166757946352
