,sym_1,sym_2,hedge_ratio,std,p_value,trade_oppotunities_performance,cumulative_returns_performance,win_rate_performance,peak_loss_performace,recent_z_score,examine_trade_oppotunities,examine_returns,examine_win_rate,examine_peak_loss
4,LINAUSDT,FILUSDT,0.004361361439635892,0.00018864159210902167,0.02102219039828169,1,0.25265007861353683,1.0,-9.843149496569493,0.07886266805218,1,19.779314107770887,1.0,-5.987817209468112
1,NEARUSDT,FILUSDT,0.33979280207322415,0.013595381936518562,0.02332544858662732,1,22.95781114878309,1.0,-6.655733240679075,-0.3101149847419215,0,0.0,0.0,-5.127588579766583
2,APTUSDT,XLMUSDT,18.764515199634108,0.028724112442522882,0.006474121298426258,1,6.7432179278474225,1.0,-4.162102438160845,-0.5974753559720991,0,0.0,0.0,-0.6241727226820397
