,sym_1,sym_2,hedge_ratio,std,p_value,trade_oppotunities_performance,cumulative_returns_performance,win_rate_performance,peak_loss_performace,recent_z_score,examine_trade_oppotunities,examine_returns,examine_win_rate,examine_peak_loss
3,LINAUSDT,FILUSDT,0.004361361439635892,0.00017527307328004505,0.02102219039828169,0,0.0,0.0,-6.64525937605824,-0.44262059897475303,1,14.960866754755983,1.0,-5.603585294724558
1,APTUSDT,XLMUSDT,18.764515199634108,0.0280977229481961,0.006474121298426258,1,4.658594629130514,1.0,-3.7612319099881204,-0.9292381438441425,0,0.0,0.0,-1.2703356914947
4,BNBUSDT,AVAXUSDT,19.85327682838693,1.7517889851500796,0.006102114005303113,0,0.0,0.0,-0.7206462057544121,-1.1875115108728027,0,0.0,0.0,0.0
5,CRVUSDT,TOMOUSDT,0.3557145803324592,0.02202012651657613,0.0013033972484544657,0,0.0,0.0,0.0,-1.2637459936265398,0,0.0,0.0,-1.7987256676321892
6,COMPUSDT,ADAUSDT,429.9760027319229,0.8082639112649722,0.026775364933098785,1,1.2984913213674707,1.0,-1.1040796447554493,0.824315247283288,0,0.0,0.0,-0.011542338696895027
7,OPUSDT,MTLUSDT,0.42638138916772794,0.016312658947440117,0.010912457914849445,0,0.0,0.0,0.0,-0.08228681506195554,0,0.0,0.0,-6.68572454705518
2,LINAUSDT,OPUSDT,0.0047680643148222315,0.0001559150785609808,0.002013514181080099,0,0.0,0.0,-0.12157334778231602,-1.1268605751355623,1,-9.710087738332351,0.0,-11.896591912823586
0,NEARUSDT,LINAUSDT,58.86046369556614,0.00747852727220594,0.02120415900438346,0,0.0,0.0,0.0,-0.7332797185969016,1,-19.188869412704005,0.0,-32.567278377291245
