,sym_1,sym_2,hedge_ratio,std,p_value,trade_oppotunities_performance,cumulative_returns_performance,win_rate_performance,peak_loss_performace,recent_z_score,examine_trade_oppotunities,examine_returns,examine_win_rate,examine_peak_loss
4,LINAUSDT,FILUSDT,0.004361361439635892,0.00017527307328004505,0.02102219039828169,0,0.0,0.0,-2.4441903127223332,-0.44262059897475303,1,8.94648646522133,1.0,-3.476449670441591
1,NEARUSDT,FILUSDT,0.33979280207322415,0.01249367065331619,0.02332544858662732,1,37.55787629440044,1.0,-9.386974779440528,-0.7128782180702511,0,0.0,0.0,-0.9717077364023429
2,APTUSDT,XLMUSDT,18.764515199634108,0.0280977229481961,0.006474121298426258,0,0.0,0.0,0.0,-0.9292381438441425,0,0.0,0.0,-0.5563255852331093
5,BNBUSDT,AVAXUSDT,19.85327682838693,1.7517889851500796,0.006102114005303113,0,0.0,0.0,0.0,-1.1875115108728027,0,0.0,0.0,0.0
6,CRVUSDT,TOMOUSDT,0.3557145803324592,0.02202012651657613,0.0013033972484544657,0,0.0,0.0,0.0,-1.2637459936265398,0,0.0,0.0,0.0
7,COMPUSDT,ADAUSDT,429.9760027319229,0.8082639112649722,0.026775364933098785,0,0.0,0.0,0.0,0.824315247283288,0,0.0,0.0,0.0
8,OPUSDT,MTLUSDT,0.42638138916772794,0.016312658947440117,0.010912457914849445,0,0.0,0.0,0.0,-0.08228681506195554,0,0.0,0.0,0.0
3,LINAUSDT,OPUSDT,0.0047680643148222315,0.0001559150785609808,0.002013514181080099,0,0.0,0.0,0.0,-1.1268605751355623,1,-9.710087738332351,0.0,-11.896591912823586
0,NEARUSDT,LINAUSDT,58.86046369556614,0.00747852727220594,0.02120415900438346,0,0.0,0.0,0.0,-0.7332797185969016,1,-17.665126638423253,0.0,-30.837187687868813
