,sym_1,sym_2,hedge_ratio,std,p_value,trade_oppotunities_performance,cumulative_returns_performance,win_rate_performance,peak_loss_performace,recent_z_score,examine_trade_oppotunities,examine_returns,examine_win_rate,examine_peak_loss
1,NEARUSDT,FILUSDT,0.33979280207322415,0.010278688016853445,0.02332544858662732,1,16.83707529218736,1.0,-9.276148550577012,-1.320861450998132,1,-4.2745597105229605,0.0,-5.090507475596748
5,LINAUSDT,MTLUSDT,0.002438098105583108,0.00011047848088455561,0.00758068693433763,1,14.687705544770527,1.0,-9.158233697628631,-0.770780325344662,1,7.347415768141761,1.0,-8.316053117453887
0,NEARUSDT,LINAUSDT,58.86046369556614,0.007643953073200066,0.02120415900438346,1,23.72509373660198,1.0,-8.361696327711087,-1.1966162183919729,1,-11.78991225297418,0.0,-10.989912252974179
