,sym_1,sym_2,hedge_ratio,std,p_value,trade_oppotunities_performance,cumulative_returns_performance,win_rate_performance,peak_loss_performace,recent_z_score,examine_trade_oppotunities,examine_returns,examine_win_rate,examine_peak_loss
2,LINAUSDT,OPUSDT,0.0047680643148222315,0.00011110397585412035,0.002013514181080099,2,20.13264168402979,1.0,-9.429290318606272,-0.5119031576263107,2,-11.461124175102743,0.0,-17.991031058289426
3,LINAUSDT,FILUSDT,0.004361361439635892,0.0001252393274719682,0.02102219039828169,2,18.141619081904857,1.0,-4.706115784152241,-0.22896087389721906,1,-4.328924762916677,0.0,-20.216565864602263
8,OPUSDT,MTLUSDT,0.42638138916772794,0.01406433142363228,0.010912457914849445,1,2.179663224535462,1.0,-0.6378706092336562,0.09675929000469707,2,9.818225969536869,0.5,-12.284749772280474
