,sym_1,sym_2,hedge_ratio,std,p_value,trade_oppotunities_performance,cumulative_returns_performance,win_rate_performance,peak_loss_performace,recent_z_score,examine_trade_oppotunities,examine_returns,examine_win_rate,examine_peak_loss
0,NEARUSDT,LINAUSDT,58.86046369556614,0.007234349816660669,0.02120415900438346,2,35.41014959343142,1.0,-10.94281864307012,-0.23113496136819484,2,-0.34707506431147717,0.5,-2.6512206595045127
6,OPUSDT,MTLUSDT,0.42638138916772794,0.01423195124320438,0.010912457914849445,2,5.843053434033238,1.0,-4.7926597486040885,-0.48373413023989187,2,-0.3976085844060348,0.5,-14.040721620745538
4,BNBUSDT,AVAXUSDT,19.85327682838693,0.8385346964512975,0.006102114005303113,1,-0.5541887154499172,0.0,-2.806496850701032,-1.6418416265341838,1,-0.42269610941187785,0.0,-0.37789135893518455
1,APTUSDT,XLMUSDT,18.764515199634108,0.020840637426161532,0.006474121298426258,1,-1.1148385128119354,0.0,-3.6432107530178426,0.6902173252615964,2,-1.0446704567203509,0.0,-0.7127436256196567
3,LINAUSDT,FILUSDT,0.004361361439635892,0.0001135525920437206,0.02102219039828169,1,4.325462699211276,1.0,-8.078336083130868,0.1560894909867871,2,-9.092770312332647,0.5,-30.637467034846555
2,LINAUSDT,OPUSDT,0.0047680643148222315,9.667535603378258e-05,0.002013514181080099,1,7.2702153212205145,1.0,-12.081741206771769,0.22487973090492944,1,-9.975237838922009,0.0,-9.175237838922008
5,CRVUSDT,TOMOUSDT,0.3557145803324592,0.01017646159763883,0.0013033972484544657,2,3.846699049363577,1.0,-7.091617928431524,-1.500467013992755,2,-30.4310614289709,0.0,-25.69032723998428
