,sym_1,sym_2,hedge_ratio,std,p_value,trade_oppotunities_performance,cumulative_returns_performance,win_rate_performance,peak_loss_performace,recent_z_score,examine_trade_oppotunities,examine_returns,examine_win_rate,examine_peak_loss
3,LINAUSDT,MTLUSDT,0.002438098105583108,0.00010453392576478856,0.00758068693433763,2,6.742877476867566,0.5,-5.465508754112926,-0.4758630025658597,2,14.071438645823275,1.0,-8.820814752538581
4,BNBUSDT,AVAXUSDT,19.85327682838693,0.9452642191830486,0.006102114005303113,1,-5.629079539970495,0.0,-4.9575723346082965,-1.939835566863679,1,0.39348059434039095,1.0,-3.497951047953617
0,NEARUSDT,LINAUSDT,58.86046369556614,0.0073104778294631806,0.02120415900438346,0,0.0,0.0,-23.466463292864383,-0.8422120029178801,0,0.0,0.0,-1.3660351489625526
1,APTUSDT,XLMUSDT,18.764515199634108,0.023136738155882533,0.006474121298426258,1,8.12189267130253,1.0,-2.9419376166172455,-0.2758412226498937,0,0.0,0.0,-4.595139581629362
5,CRVUSDT,TOMOUSDT,0.3557145803324592,0.017652379303688147,0.0013033972484544657,1,-117.89134867028069,0.0,-146.0979592057174,-1.560248470660167,0,0.0,0.0,-13.582458106875247
2,LINAUSDT,OPUSDT,0.0047680643148222315,0.00011110397585412035,0.002013514181080099,1,6.759191133274546,1.0,-5.903892907432306,-0.5119031576263107,1,-3.4767962508738948,0.0,-11.648698442684063
