,sym_1,sym_2,hedge_ratio,std,p_value,trade_oppotunities_performance,cumulative_returns_performance,win_rate_performance,peak_loss_performace,recent_z_score,examine_trade_oppotunities,examine_returns,examine_win_rate,examine_peak_loss
1,SNXUSDT,KNCUSDT,2.272586615967379,0.03875914220681018,0.011623450689557144,2,-40.8179677701339,0.5,-61.19047784724627,-1.304462967148173,1,9.59344568738257,1.0,-18.14526968086096
2,ETHUSDT,OPUSDT,441.26927981495635,8.72072931053574,0.017775732883208797,1,-0.9091179135094004,0.0,-2.1196066858637725,-0.9416457669962186,1,8.810660453453263,1.0,-12.612298424726621
3,1000SHIBUSDT,DOGEUSDT,0.11603362825359015,5.797642233525758e-05,0.006519996237250636,2,4.6912862702848965,1.0,-0.4336166569829009,-0.6144754038380151,0,0.0,0.0,-8.999837813497503
4,COMPUSDT,SOLUSDT,6.464981475803677,1.520401169059423,0.013986925338572495,2,-5.92110628359507,0.0,-6.689497599934933,-0.7036204530779194,0,0.0,0.0,-9.029763774218317
5,OPUSDT,FILUSDT,0.7814276252486473,0.015196514929131476,0.0011182160443979903,0,0.0,0.0,-6.5028294810698215,-0.0359197228841661,0,0.0,0.0,-18.84843286621001
6,OPUSDT,MATICUSDT,3.132883850443619,0.016489460733655963,0.022148006322094467,0,0.0,0.0,0.0,0.8478965694656696,0,0.0,0.0,-33.47644404723934
8,FILUSDT,EOSUSDT,4.782372926839384,0.01168646112871982,0.0012111383014641092,0,0.0,0.0,-16.49856469647928,2.7903109836101114,0,0.0,0.0,-38.88971025390203
7,OPUSDT,EOSUSDT,3.884813332233316,0.017580894093840647,0.014472035433374717,1,4.0667176321985155,1.0,-5.618686908453628,1.0796864516399576,1,-7.042024896542146,0.0,-46.70815754720399
0,LINKUSDT,INJUSDT,0.530658255731526,0.03182101008698969,0.02464463077058893,0,0.0,0.0,-2.457614232958997,0.7714669921036729,1,-9.041274438726093,0.0,-87.03680263627065
