,sym_1,sym_2,hedge_ratio,std,p_value,trade_oppotunities_performance,cumulative_returns_performance,win_rate_performance,peak_loss_performace,recent_z_score,examine_trade_oppotunities,examine_returns,examine_win_rate,examine_peak_loss
2,LINAUSDT,OPUSDT,0.0047680643148222315,0.00011110397585412035,0.002013514181080099,1,6.759191133274546,1.0,-5.903892907432306,-0.5119031576263107,1,-3.4767962508738948,0.0,-11.648698442684063
1,APTUSDT,XLMUSDT,18.764515199634108,0.023136738155882533,0.006474121298426258,1,8.12189267130253,1.0,-2.9419376166172455,-0.2758412226498937,0,0.0,0.0,-4.595139581629362
