,sym_1,sym_2,hedge_ratio,std,p_value,trade_oppotunities_performance,cumulative_returns_performance,win_rate_performance,peak_loss_performace,recent_z_score,examine_trade_oppotunities,examine_returns,examine_win_rate,examine_peak_loss
0,NEARUSDT,LINAUSDT,58.86046369556614,0.007234349816660669,0.02120415900438346,2,35.41014959343142,1.0,-10.94281864307012,-0.23113496136819484,2,-0.34707506431147717,0.5,-2.6512206595045127
2,LINAUSDT,OPUSDT,0.0047680643148222315,9.667535603378258e-05,0.002013514181080099,1,7.2702153212205145,1.0,-12.081741206771769,0.22487973090492944,1,-9.975237838922009,0.0,-9.175237838922008
3,LINAUSDT,FILUSDT,0.004361361439635892,0.0001135525920437206,0.02102219039828169,1,4.325462699211276,1.0,-8.078336083130868,0.1560894909867871,2,-9.092770312332647,0.5,-30.637467034846555
