,sym_1,sym_2,hedge_ratio,std,p_value,trade_oppotunities_performance,cumulative_returns_performance,win_rate_performance,peak_loss_performace,recent_z_score,examine_trade_oppotunities,examine_returns,examine_win_rate,examine_peak_loss
1,NEARUSDT,FILUSDT,0.33979280207322415,0.013595381936518562,0.02332544858662732,1,22.95781114878309,1.0,-6.655733240679075,-0.3101149847419215,0,0.0,0.0,-0.5991268478983667
2,APTUSDT,XLMUSDT,18.764515199634108,0.028724112442522882,0.006474121298426258,1,6.7432179278474225,1.0,-4.162102438160845,-0.5974753559720991,0,0.0,0.0,0.0
4,LINAUSDT,FILUSDT,0.004361361439635892,0.00018864159210902167,0.02102219039828169,1,10.621379916849557,1.0,-1.926983366166362,0.07886266805218,1,19.185540165863085,1.0,-5.9144567465453015
