,sym_1,sym_2,hedge_ratio,std,p_value,trade_oppotunities_performance,cumulative_returns_performance,win_rate_performance,peak_loss_performace,recent_z_score,examine_trade_oppotunities,examine_returns,examine_win_rate,examine_peak_loss
1,APTUSDT,XLMUSDT,18.764515199634108,0.024899378422168272,0.006474121298426258,0,0.0,0.0,-5.616373515824507,-0.9251316238504557,1,5.010520659242823,1.0,-1.0256347660417837
3,BNBUSDT,AVAXUSDT,19.85327682838693,1.358138427619183,0.006102114005303113,0,0.0,0.0,-4.111573448885698,-1.694365655975128,0,0.0,0.0,0.0
4,CRVUSDT,TOMOUSDT,0.3557145803324592,0.02204030964624223,0.0013033972484544657,0,0.0,0.0,-32.04895329488917,-1.0729160474801882,0,0.0,0.0,-12.741241405887045
5,OPUSDT,MTLUSDT,0.42638138916772794,0.014201234426015473,0.010912457914849445,0,0.0,0.0,-4.641434285402774,-0.5286596814930454,0,0.0,0.0,-7.566137307157511
2,LINAUSDT,OPUSDT,0.0047680643148222315,0.00013306518965645534,0.002013514181080099,0,0.0,0.0,-0.4016418006911042,-0.9822539237504003,1,-2.9717927764374394,0.0,-3.555439082365477
0,NEARUSDT,LINAUSDT,58.86046369556614,0.007650379240929988,0.02120415900438346,1,20.081854589750186,1.0,-7.22261958156447,-1.262417015999429,1,-18.95793974281077,0.0,-25.63818454299569
