,sym_1,sym_2,hedge_ratio,std,p_value,trade_oppotunities_performance,cumulative_returns_performance,win_rate_performance,peak_loss_performace,recent_z_score,examine_trade_oppotunities,examine_returns,examine_win_rate,examine_peak_loss
4,COMPUSDT,SOLUSDT,6.464981475803677,2.160652994731313,0.013986925338572495,0,0.0,0.0,-4.126649416176269,-0.992668331728631,1,17.494130780876798,1.0,-3.4194335847224924
5,OPUSDT,FILUSDT,0.7814276252486473,0.014976034558575657,0.0011182160443979903,1,-27.127961729399267,0.0,-30.688346231167422,0.5917272388621263,1,0.7712175189368579,1.0,-34.47687236473394
6,OPUSDT,MATICUSDT,3.132883850443619,0.016422338347123523,0.022148006322094467,1,-4.073063102778722,0.0,-5.5439782737702945,1.3103345585067336,1,0.4454532394674521,1.0,-21.949420895991086
0,LINKUSDT,INJUSDT,0.530658255731526,0.03132947257147731,0.02464463077058893,0,0.0,0.0,-39.79340510091165,0.40539508628043275,0,0.0,0.0,-15.238585366525143
1,SNXUSDT,KNCUSDT,2.272586615967379,0.04386082560355948,0.011623450689557144,2,-11.86981780769927,0.0,-11.757491276764137,-1.8089527060907975,0,0.0,0.0,-40.77014738525487
2,ETHUSDT,OPUSDT,441.26927981495635,8.686553562610538,0.017775732883208797,0,0.0,0.0,-0.1722391929794505,-1.6210036150820881,0,0.0,0.0,-17.792297865390502
3,1000SHIBUSDT,DOGEUSDT,0.11603362825359015,6.835991783541462e-05,0.006519996237250636,0,0.0,0.0,-0.3274417537983275,-0.02999792739178651,0,0.0,0.0,-12.664580214455627
7,OPUSDT,EOSUSDT,3.884813332233316,0.01722237003846563,0.014472035433374717,2,-2.66173568170752,0.5,-8.722299547389131,1.7459651145773016,0,0.0,0.0,-68.05708885016219
8,FILUSDT,EOSUSDT,4.782372926839384,0.012648734700607378,0.0012111383014641092,1,0.8475047495597546,1.0,-5.2834246302174765,3.277285351987606,0,0.0,0.0,-70.6968725849349
