,sym_1,sym_2,hedge_ratio,std,p_value,trade_oppotunities_performance,cumulative_returns_performance,win_rate_performance,peak_loss_performace,recent_z_score,examine_trade_oppotunities,examine_returns,examine_win_rate,examine_peak_loss
3,LINAUSDT,FILUSDT,0.004361361439635892,0.00017527307328004505,0.02102219039828169,0,0.0,0.0,-8.21509313099885,-0.44262059897475303,1,14.960866754755983,1.0,-5.603585294724558
1,APTUSDT,XLMUSDT,18.764515199634108,0.0280977229481961,0.006474121298426258,1,6.050855180584594,1.0,-4.346572982288959,-0.9292381438441425,0,0.0,0.0,-1.2703356914947
4,BNBUSDT,AVAXUSDT,19.85327682838693,1.7517889851500796,0.006102114005303113,0,0.0,0.0,-1.1312477744919116,-1.1875115108728027,0,0.0,0.0,-6.191179423803452
6,COMPUSDT,ADAUSDT,429.9760027319229,0.8082639112649722,0.026775364933098785,1,6.4429249705145315,1.0,-5.129680879905777,0.824315247283288,0,0.0,0.0,-8.75933014481275
7,OPUSDT,MTLUSDT,0.42638138916772794,0.016312658947440117,0.010912457914849445,0,0.0,0.0,0.0,-0.08228681506195554,0,0.0,0.0,-11.219887202539393
2,LINAUSDT,OPUSDT,0.0047680643148222315,0.0001559150785609808,0.002013514181080099,0,0.0,0.0,0.0,-1.1268605751355623,1,-9.710087738332351,0.0,-11.896591912823586
0,NEARUSDT,LINAUSDT,58.86046369556614,0.00747852727220594,0.02120415900438346,1,34.19419562237959,1.0,0.0,-0.7332797185969016,1,-20.032792962216693,0.0,-34.2825634341712
5,CRVUSDT,TOMOUSDT,0.3557145803324592,0.02202012651657613,0.0013033972484544657,0,0.0,0.0,-29.789344912634668,-1.2637459936265398,1,-57.775941760999004,0.0,-70.09542986448453
