,sym_1,sym_2,hedge_ratio,std,p_value,trade_oppotunities_performance,cumulative_returns_performance,win_rate_performance,peak_loss_performace,recent_z_score,examine_trade_oppotunities,examine_returns,examine_win_rate,examine_peak_loss
4,LINAUSDT,MTLUSDT,0.002438098105583108,0.00011638444626074188,0.00758068693433763,0,0.0,0.0,0.0,-1.2292575182847836,1,27.586631682730694,1.0,-3.474289391790996
3,LINAUSDT,FILUSDT,0.004361361439635892,0.00017527307328004505,0.02102219039828169,1,1.694667115073663,1.0,-9.617201558110404,-0.44262059897475303,1,14.960866754755983,1.0,-5.603585294724558
1,APTUSDT,XLMUSDT,18.764515199634108,0.0280977229481961,0.006474121298426258,1,6.050855180584594,1.0,-4.346572982288959,-0.9292381438441425,0,0.0,0.0,-1.2703356914947
5,BNBUSDT,AVAXUSDT,19.85327682838693,1.7517889851500796,0.006102114005303113,0,0.0,0.0,-2.5381282422522617,-1.1875115108728027,0,0.0,0.0,-6.191179423803452
7,COMPUSDT,ADAUSDT,429.9760027319229,0.8082639112649722,0.026775364933098785,1,6.4429249705145315,1.0,-5.129680879905777,0.824315247283288,0,0.0,0.0,-8.073531577977835
8,OPUSDT,MTLUSDT,0.42638138916772794,0.016312658947440117,0.010912457914849445,0,0.0,0.0,-24.64921048768987,-0.08228681506195554,0,0.0,0.0,-8.804436648428638
2,LINAUSDT,OPUSDT,0.0047680643148222315,0.0001559150785609808,0.002013514181080099,1,2.9464686648142475,1.0,-2.032652534873966,-1.1268605751355623,1,-9.710087738332351,0.0,-14.596346101969235
0,NEARUSDT,LINAUSDT,58.86046369556614,0.00747852727220594,0.02120415900438346,1,28.83494204417344,1.0,-5.846250737864585,-0.7332797185969016,1,-20.032792962216693,0.0,-34.2825634341712
6,CRVUSDT,TOMOUSDT,0.3557145803324592,0.02202012651657613,0.0013033972484544657,0,0.0,0.0,-29.789344912634668,-1.2637459936265398,1,-50.41803213415942,0.0,-59.08817784729501
