,sym_1,sym_2,hedge_ratio,std,p_value,trade_oppotunities_performance,cumulative_returns_performance,win_rate_performance,peak_loss_performace,recent_z_score,examine_trade_oppotunities,examine_returns,examine_win_rate,examine_peak_loss
4,LINAUSDT,MTLUSDT,0.002438098105583108,0.00011323857955909566,0.00758068693433763,1,0.7120107339082169,1.0,-4.248977073155122,-0.9499504813325994,1,27.38452676121876,1.0,-8.291106626045206
8,OPUSDT,MTLUSDT,0.42638138916772794,0.014201234426015473,0.010912457914849445,0,0.0,0.0,-7.0099223129002235,-0.5286596814930454,1,17.619306277800025,1.0,-7.566137307157511
1,APTUSDT,XLMUSDT,18.764515199634108,0.024899378422168272,0.006474121298426258,1,4.681280488375699,1.0,-5.671662567719787,-0.9251316238504557,1,6.12434263223973,1.0,-1.394259093746034
5,BNBUSDT,AVAXUSDT,19.85327682838693,1.358138427619183,0.006102114005303113,0,0.0,0.0,-4.111573448885698,-1.694365655975128,0,0.0,0.0,0.0
6,CRVUSDT,TOMOUSDT,0.3557145803324592,0.02204030964624223,0.0013033972484544657,0,0.0,0.0,-32.04895329488917,-1.0729160474801882,0,0.0,0.0,-14.32299810419358
7,COMPUSDT,ADAUSDT,429.9760027319229,0.7498697910886082,0.026775364933098785,1,11.068326453345653,1.0,-2.6135604237302097,1.2028418994867391,0,0.0,0.0,-14.748878939781662
3,LINAUSDT,FILUSDT,0.004361361439635892,0.00015182480012446305,0.02102219039828169,0,0.0,0.0,-3.8812426389161243,-0.4663528263831675,1,-3.501885387486234,0.0,-4.968670457625522
2,LINAUSDT,OPUSDT,0.0047680643148222315,0.00013306518965645534,0.002013514181080099,1,-7.377050453871706,0.0,-8.022442161930334,-0.9822539237504003,1,-6.809538952691638,0.0,-51.724445764026754
0,NEARUSDT,LINAUSDT,58.86046369556614,0.007650379240929988,0.02120415900438346,1,20.081854589750186,1.0,-7.22261958156447,-1.262417015999429,1,-18.95793974281077,0.0,-25.63818454299569
