,sym_1,sym_2,hedge_ratio,std,p_value,trade_oppotunities_performance,cumulative_returns_performance,win_rate_performance,peak_loss_performace,recent_z_score,examine_trade_oppotunities,examine_returns,examine_win_rate,examine_peak_loss
1,NEARUSDT,FILUSDT,0.33979280207322415,0.011196072620647597,0.02332544858662732,1,22.652384675299967,1.0,-7.749804295632605,-1.4808391767422784,1,-2.907371151839632,0.0,-6.031156217135303
0,NEARUSDT,LINAUSDT,58.86046369556614,0.007650379240929988,0.02120415900438346,1,20.081854589750186,1.0,-7.22261958156447,-1.262417015999429,1,-18.95793974281077,0.0,-25.63818454299569
2,APTUSDT,XLMUSDT,18.764515199634108,0.024899378422168272,0.006474121298426258,1,4.681280488375699,1.0,-5.671662567719787,-0.9251316238504557,1,6.12434263223973,1.0,-1.4881989310798605
