,sym_1,sym_2,hedge_ratio,std,p_value,trade_oppotunities_performance,cumulative_returns_performance,win_rate_performance,peak_loss_performace,recent_z_score,examine_trade_oppotunities,examine_returns,examine_win_rate,examine_peak_loss
0,NEARUSDT,LINAUSDT,58.86046369556614,0.007650379240929988,0.02120415900438346,1,20.081854589750186,1.0,-7.22261958156447,-1.262417015999429,1,-18.95793974281077,0.0,-25.63818454299569
5,COMPUSDT,ADAUSDT,429.9760027319229,0.7498697910886082,0.026775364933098785,1,1.4610533539203892,1.0,-2.985420287391752,1.2028418994867391,0,0.0,0.0,-14.748878939781662
