,sym_1,sym_2,hedge_ratio,std,p_value,trade_oppotunities_performance,cumulative_returns_performance,win_rate_performance,peak_loss_performace,recent_z_score,examine_trade_oppotunities,examine_returns,examine_win_rate,examine_peak_loss
6,OPUSDT,EOSUSDT,3.884813332233316,0.017576496667577397,0.014472035433374717,1,18.267818771593433,1.0,-3.9473304227281694,1.3591142192805705,1,73.86688184648752,1.0,-70.02558095155494
1,ETHUSDT,OPUSDT,441.26927981495635,8.814295421706447,0.017775732883208797,1,-0.5491270916025712,0.0,-0.5458574006150902,-1.2152207980105472,1,38.85801029154915,1.0,-8.098086989518027
4,OPUSDT,FILUSDT,0.7814276252486473,0.014996676232958075,0.0011182160443979903,0,0.0,0.0,-0.7582091444250185,0.33319530672337666,1,0.6601097709209742,1.0,-18.790556361357893
2,1000SHIBUSDT,DOGEUSDT,0.11603362825359015,6.099862391753921e-05,0.006519996237250636,0,0.0,0.0,-2.869012409507431,-0.18953240715468156,0,0.0,0.0,-9.079499996989336
3,COMPUSDT,SOLUSDT,6.464981475803677,1.8964320194458404,0.013986925338572495,0,0.0,0.0,-11.51957137657349,-0.9354938744008172,0,0.0,0.0,-15.1933091956549
5,OPUSDT,MATICUSDT,3.132883850443619,0.016760327889210225,0.022148006322094467,0,0.0,0.0,-1.8178848459811299,1.1271738317622066,0,0.0,0.0,-26.900422301993242
7,FILUSDT,EOSUSDT,4.782372926839384,0.011997572105447623,0.0012111383014641092,0,0.0,0.0,-17.61141355904337,2.9771973869902886,0,0.0,0.0,-72.48007936143765
0,LINKUSDT,INJUSDT,0.530658255731526,0.031397946768115345,0.02464463077058893,1,-5.958200967249488,0.0,-16.60706651504217,0.6089295937297227,1,-14.053135913900213,0.0,-169.93764264264286
