,sym_1,sym_2,hedge_ratio,std,p_value,trade_oppotunities_performance,cumulative_returns_performance,win_rate_performance,peak_loss_performace,recent_z_score,examine_trade_oppotunities,examine_returns,examine_win_rate,examine_peak_loss
1,APTUSDT,XLMUSDT,18.764515199634108,0.024899378422168272,0.006474121298426258,0,0.0,0.0,-5.669325405513537,-0.9251316238504557,1,6.12434263223973,1.0,-1.394259093746034
3,BNBUSDT,AVAXUSDT,19.85327682838693,1.358138427619183,0.006102114005303113,0,0.0,0.0,-4.111573448885698,-1.694365655975128,0,0.0,0.0,0.0
4,CRVUSDT,TOMOUSDT,0.3557145803324592,0.02204030964624223,0.0013033972484544657,0,0.0,0.0,-32.04895329488917,-1.0729160474801882,0,0.0,0.0,-14.034729143278488
5,COMPUSDT,ADAUSDT,429.9760027319229,0.7498697910886082,0.026775364933098785,1,1.4610533539203892,1.0,-2.985420287391752,1.2028418994867391,0,0.0,0.0,-14.748878939781662
6,OPUSDT,MTLUSDT,0.42638138916772794,0.014201234426015473,0.010912457914849445,0,0.0,0.0,-3.5801574352226573,-0.5286596814930454,0,0.0,0.0,-7.566137307157511
2,LINAUSDT,OPUSDT,0.0047680643148222315,0.00013306518965645534,0.002013514181080099,1,-3.6907482406893077,0.0,-10.409090147122841,-0.9822539237504003,1,-6.809538952691638,0.0,-21.227184247565845
0,NEARUSDT,LINAUSDT,58.86046369556614,0.007650379240929988,0.02120415900438346,1,20.081854589750186,1.0,-7.22261958156447,-1.262417015999429,1,-18.95793974281077,0.0,-25.63818454299569
