,sym_1,sym_2,hedge_ratio,std,p_value,trade_oppotunities_performance,cumulative_returns_performance,win_rate_performance,peak_loss_performace,recent_z_score,examine_trade_oppotunities,examine_returns,examine_win_rate,examine_peak_loss
3,COMPUSDT,SOLUSDT,6.464981475803677,2.1860594327610237,0.013986925338572495,1,22.297546086880217,1.0,-2.3334882211847976,-0.4843041199412786,1,25.085705319617773,1.0,-0.15491822340867706
4,COMPUSDT,ADAUSDT,617.6941647387168,2.588575946781244,0.004253679866109759,1,16.549997297826177,1.0,-4.034543249638455,-1.3800522921582359,1,4.954701581441541,1.0,-0.25552875222521326
0,LINKUSDT,INJUSDT,0.530658255731526,0.032655205573877785,0.02464463077058893,0,0.0,0.0,-13.640053983818161,0.09265178886884345,0,0.0,0.0,0.0
1,SNXUSDT,KNCUSDT,2.272586615967379,0.05127106737257846,0.011623450689557144,0,0.0,0.0,-2.6553246528448,-2.129413820210468,0,0.0,0.0,-40.68946103059321
2,ETHUSDT,OPUSDT,441.26927981495635,9.18623268966149,0.017775732883208797,0,0.0,0.0,-0.220520014459044,-1.6882469873581627,0,0.0,0.0,-14.455875141637152
5,OPUSDT,FILUSDT,0.7814276252486473,0.019135142209643866,0.0011182160443979903,0,0.0,0.0,-63.41827259629606,0.7662327255365116,0,0.0,0.0,-33.36418455031432
6,OPUSDT,MATICUSDT,3.132883850443619,0.018353349068648113,0.022148006322094467,0,0.0,0.0,-2.646286148365642,1.292290984318061,0,0.0,0.0,-29.52564841485872
7,OPUSDT,EOSUSDT,3.884813332233316,0.019294487092731908,0.014472035433374717,0,0.0,0.0,-33.65219215853376,1.8244785673843962,0,0.0,0.0,-49.58452892750959
8,FILUSDT,EOSUSDT,4.782372926839384,0.01329179538441929,0.0012111383014641092,1,1.3167203199285467,1.0,-0.8488758398938374,1.674697842523909,0,0.0,0.0,-62.38452611521072
