,sym_1,sym_2,hedge_ratio,std,p_value,trade_oppotunities_performance,cumulative_returns_performance,win_rate_performance,peak_loss_performace,recent_z_score,examine_trade_oppotunities,examine_returns,examine_win_rate,examine_peak_loss
1,APTUSDT,XLMUSDT,18.764515199634108,0.02401119556212586,0.006474121298426258,1,6.456803205659231,1.0,-4.317961302733061,-0.6558811642123403,1,2.771702229304565,1.0,-8.055965127450374
3,BNBUSDT,AVAXUSDT,19.85327682838693,1.1010369708423473,0.006102114005303113,1,2.0821286523142657,1.0,-4.791420623912656,-2.130442775904474,1,1.396888854201234,1.0,-0.05710040102428905
4,CRVUSDT,TOMOUSDT,0.3557145803324592,0.02158079324845242,0.0013033972484544657,1,-28.411703530672373,0.0,-33.3373677270815,-0.8952513471543334,0,0.0,0.0,-8.957635120342648
5,OPUSDT,MTLUSDT,0.42638138916772794,0.014122129364013698,0.010912457914849445,1,-15.107193855861487,0.0,-14.307193855861486,-0.22244706511543463,0,0.0,0.0,-31.97032383918979
0,NEARUSDT,LINAUSDT,58.86046369556614,0.007643953073200066,0.02120415900438346,1,23.72509373660198,1.0,-8.361696327711087,-1.1966162183919729,1,-11.78991225297418,0.0,-10.989912252974179
2,LINAUSDT,OPUSDT,0.0047680643148222315,0.00012557253719979377,0.002013514181080099,0,0.0,0.0,-9.632940058334587,-0.7870771249661381,1,-33.80311446000923,0.0,-38.892861860108674
