,sym_1,sym_2,hedge_ratio,std,p_value,trade_oppotunities_performance,cumulative_returns_performance,win_rate_performance,peak_loss_performace,recent_z_score,examine_trade_oppotunities,examine_returns,examine_win_rate,examine_peak_loss
0,NEARUSDT,LINAUSDT,58.86046369556614,0.007650379240929988,0.02120415900438346,1,20.081854589750186,1.0,-7.22261958156447,-1.262417015999429,1,-18.95793974281077,0.0,-25.63818454299569
1,APTUSDT,XLMUSDT,18.764515199634108,0.024899378422168272,0.006474121298426258,1,4.681280488375699,1.0,-5.671662567719787,-0.9251316238504557,1,6.12434263223973,1.0,-1.394259093746034
4,LINAUSDT,MTLUSDT,0.002438098105583108,0.00011323857955909566,0.00758068693433763,1,0.7120107339082169,1.0,-4.248977073155122,-0.9499504813325994,1,27.38452676121876,1.0,-8.291106626045206
