,sym_1,sym_2,hedge_ratio,std,p_value,trade_oppotunities_performance,cumulative_returns_performance,win_rate_performance,peak_loss_performace,recent_z_score,examine_trade_oppotunities,examine_returns,examine_win_rate,examine_peak_loss
6,OPUSDT,MTLUSDT,0.42638138916772794,0.01423195124320438,0.010912457914849445,3,13.649463811079817,1.0,-4.727526195342972,-0.48373413023989187,2,8.243462938826692,0.5,-25.38688060867348
0,NEARUSDT,LINAUSDT,58.86046369556614,0.007234349816660669,0.02120415900438346,3,26.937275734664144,1.0,-5.293885305643807,-0.23113496136819484,3,7.654682006381171,0.6666666666666666,-2.680513079476774
1,NEARUSDT,FILUSDT,0.33979280207322415,0.00820476125749445,0.02332544858662732,1,-2.825704141964958,0.0,-7.219583133295211,-0.08468406281082759,2,3.8667774243843738,0.5,-2.8150139702482053
3,LINAUSDT,FILUSDT,0.004361361439635892,0.0001135525920437206,0.02102219039828169,1,3.9418374092926145,1.0,-13.257114035972018,0.1560894909867871,2,3.1643217068675824,1.0,-2.035201706912702
4,LINAUSDT,MTLUSDT,0.002438098105583108,9.44649258301498e-05,0.00758068693433763,1,19.19702606637654,1.0,-13.794336435589992,0.07727176552561157,3,0.2929732168098438,0.3333333333333333,-47.98620168489513
2,LINAUSDT,OPUSDT,0.0047680643148222315,9.667535603378258e-05,0.002013514181080099,1,0.9196196203630878,1.0,-15.00879878471498,0.22487973090492944,3,-6.7959298383077025,0.3333333333333333,-7.7339448433595
5,CRVUSDT,TOMOUSDT,0.3557145803324592,0.01017646159763883,0.0013033972484544657,3,-60.612364461604315,0.3333333333333333,-55.755216184362816,-1.500467013992755,3,-64.86596848757311,0.0,-59.40583106399755
