,sym_1,sym_2,hedge_ratio,std,p_value,trade_oppotunities_performance,cumulative_returns_performance,win_rate_performance,peak_loss_performace,recent_z_score,examine_trade_oppotunities,examine_returns,examine_win_rate,examine_peak_loss
5,LINAUSDT,MTLUSDT,0.002438098105583108,0.00011047848088455561,0.00758068693433763,1,14.687705544770527,1.0,-9.158233697628631,-0.770780325344662,1,7.347415768141761,1.0,-8.316053117453887
2,APTUSDT,XLMUSDT,18.764515199634108,0.02401119556212586,0.006474121298426258,1,6.456803205659231,1.0,-4.496947986623585,-0.6558811642123403,1,2.771702229304565,1.0,-7.729384533367662
6,BNBUSDT,AVAXUSDT,19.85327682838693,1.1010369708423473,0.006102114005303113,1,2.0821286523142657,1.0,-4.791420623912656,-2.130442775904474,1,1.396888854201234,1.0,-0.39477658051836495
7,CRVUSDT,TOMOUSDT,0.3557145803324592,0.02158079324845242,0.0013033972484544657,1,-28.411703530672373,0.0,-33.3373677270815,-0.8952513471543334,0,0.0,0.0,-13.424272113288918
8,OPUSDT,MTLUSDT,0.42638138916772794,0.014122129364013698,0.010912457914849445,1,-13.498091578107145,0.0,-12.698091578107144,-0.22244706511543463,0,0.0,0.0,-14.50587129013703
4,LINAUSDT,FILUSDT,0.004361361439635892,0.00013634163660837843,0.02102219039828169,1,-0.9038924585325294,0.0,-3.8207685602181853,-0.1592111162507999,1,-0.6529253297207191,0.0,-5.405445893270165
1,NEARUSDT,FILUSDT,0.33979280207322415,0.010278688016853445,0.02332544858662732,1,16.83707529218736,1.0,-9.276148550577012,-1.320861450998132,1,-4.2745597105229605,0.0,-5.090507475596748
0,NEARUSDT,LINAUSDT,58.86046369556614,0.007643953073200066,0.02120415900438346,1,23.72509373660198,1.0,-8.361696327711087,-1.1966162183919729,1,-11.78991225297418,0.0,-10.989912252974179
3,LINAUSDT,OPUSDT,0.0047680643148222315,0.00012557253719979377,0.002013514181080099,1,1.1136817038054343,1.0,-6.9216264609315825,-0.7870771249661381,2,-35.375528724411346,0.0,-36.374956690434274
