,sym_1,sym_2,hedge_ratio,std,p_value,trade_oppotunities_performance,cumulative_returns_performance,win_rate_performance,peak_loss_performace,recent_z_score,examine_trade_oppotunities,examine_returns,examine_win_rate,examine_peak_loss
1,APTUSDT,XLMUSDT,18.764515199634108,0.029076958913974115,0.006474121298426258,0,0.0,0.0,-3.802377624876814,-0.3912670425042302,0,0.0,0.0,0.0
2,LINAUSDT,MTLUSDT,0.002438098105583108,0.00011729873383332877,0.00758068693433763,0,0.0,0.0,0.0,-0.7868551907150667,0,0.0,0.0,0.0
3,BNBUSDT,AVAXUSDT,19.85327682838693,2.45038752071194,0.006102114005303113,1,-1.4355322603123237,0.0,-1.9811556867368565,-1.2557012808797083,0,0.0,0.0,0.0
4,CRVUSDT,TOMOUSDT,0.3557145803324592,0.02255761907744987,0.0013033972484544657,0,0.0,0.0,-21.840549806039174,-1.697657246750747,0,0.0,0.0,0.0
5,COMPUSDT,ADAUSDT,429.9760027319229,0.8531203514040101,0.026775364933098785,0,0.0,0.0,-0.4718877572419668,0.02441545887591965,0,0.0,0.0,0.0
6,OPUSDT,MTLUSDT,0.42638138916772794,0.022887160063057643,0.010912457914849445,0,0.0,0.0,0.0,0.5540147353239996,0,0.0,0.0,0.0
0,NEARUSDT,LINAUSDT,58.86046369556614,0.007768417662212453,0.02120415900438346,0,0.0,0.0,0.0,-0.9659389829092729,1,-20.19014891942457,0.0,-24.582077664002675
