,sym_1,sym_2,hedge_ratio,std,p_value,trade_oppotunities_performance,cumulative_returns_performance,win_rate_performance,peak_loss_performace,recent_z_score,examine_trade_oppotunities,examine_returns,examine_win_rate,examine_peak_loss
1,APTUSDT,XLMUSDT,18.764515199634108,0.0280977229481961,0.006474121298426258,1,4.658594629130514,1.0,-3.7612319099881204,-0.9292381438441425,0,0.0,0.0,-1.2703356914947
6,COMPUSDT,ADAUSDT,429.9760027319229,0.8082639112649722,0.026775364933098785,1,1.2984913213674707,1.0,-1.1040796447554493,0.824315247283288,0,0.0,0.0,-0.011542338696895027
